// DefragMatchRareDropId,DefragMatchId,UnitId,CommonRewardType,CommonRewardId,CommonRewardNum,StrengthMin,StrengthMax,PropertyTableSubId,DropRate,Memo
1,1,15010201,8,204000010,1,0,0,0,0.05,"エンドガーディアン"
2,1,15040001,8,204000010,1,0,0,0,0.05,"エンドガーディアン"
3,1,15040202,8,204000010,1,0,0,0,0.05,"エンドガーディアン"
4,1,15200101,8,204000010,1,0,0,0,0.05,"エンドガーディアン"
5,1,15450003,8,204000010,1,0,0,0,0.05,"エンドガーディアン"
6,1,15220101,8,203000010,1,0,0,0,0.05,"アダプタブル"
7,2,15010201,8,204000010,1,0,0,0,0.05,"エンドガーディアン"
8,2,15040001,8,204000010,1,0,0,0,0.05,"エンドガーディアン"
9,2,15040202,8,204000010,1,0,0,0,0.05,"エンドガーディアン"
10,2,15200101,8,204000010,1,0,0,0,0.05,"エンドガーディアン"
11,2,15450003,8,204000010,1,0,0,0,0.05,"エンドガーディアン"
12,2,15220101,8,203000010,1,0,0,0,0.05,"アダプタブル"
13,3,15010201,8,209000040,1,0,0,0,0.05,"エンドガーディアン"
14,3,15040001,8,209000040,1,0,0,0,0.05,"エンドガーディアン"
15,3,15040202,8,209000040,1,0,0,0,0.05,"エンドガーディアン"
16,3,15200101,8,209000040,1,0,0,0,0.05,"エンドガーディアン"
17,3,15450003,8,209000040,1,0,0,0,0.05,"エンドガーディアン"
18,3,15220101,8,206000030,1,0,0,0,0.05,"アダプタブル"
19,3,15501001,8,206000030,1,0,0,0,0.05,"アダプタブル"
20,4,15020101,8,202000070,1,0,0,0,0.02,"通常ボス"
21,4,15020201,8,202000070,1,0,0,0,0.02,"通常ボス"
22,4,15040101,8,202000070,1,0,0,0,0.02,"通常ボス"
23,4,15040701,8,202000070,1,0,0,0,0.02,"通常ボス"
24,4,15041101,8,202000070,1,0,0,0,0.02,"通常ボス"
25,4,15050001,8,202000070,1,0,0,0,0.02,"通常ボス"
26,4,15050201,8,202000070,1,0,0,0,0.02,"通常ボス"
27,4,15080201,8,202000070,1,0,0,0,0.02,"通常ボス"
28,4,15090101,8,202000070,1,0,0,0,0.02,"通常ボス"
29,4,15100001,8,202000070,1,0,0,0,0.02,"通常ボス"
30,4,15100101,8,202000070,1,0,0,0,0.02,"通常ボス"
31,4,15100201,8,202000070,1,0,0,0,0.02,"通常ボス"
32,4,15110101,8,202000070,1,0,0,0,0.02,"通常ボス"
33,4,15140101,8,202000070,1,0,0,0,0.02,"通常ボス"
34,4,15170101,8,202000070,1,0,0,0,0.02,"通常ボス"
35,4,15180001,8,202000070,1,0,0,0,0.02,"通常ボス"
36,4,15300001,8,202000070,1,0,0,0,0.02,"通常ボス"
37,4,15301001,8,202000070,1,0,0,0,0.02,"通常ボス"
38,4,15420001,8,202000070,1,0,0,0,0.02,"通常ボス"
39,4,15560001,8,202000070,1,0,0,0,0.02,"通常ボス"
40,4,15010201,1,109000170,1,0,0,10135,0.05,"エンドガーディアン"
41,4,15040001,1,109000170,1,0,0,10135,0.05,"エンドガーディアン"
42,4,15040202,1,109000170,1,0,0,10135,0.05,"エンドガーディアン"
43,4,15200101,1,109000170,1,0,0,10135,0.05,"エンドガーディアン"
44,4,15450003,1,109000170,1,0,0,10135,0.05,"エンドガーディアン"
45,4,15220101,8,203000050,1,0,0,0,0.05,"アダプタブル"
46,4,15501001,8,203000050,1,0,0,0,0.05,"アダプタブル"
47,4,15521001,8,203000050,1,0,0,0,0.05,"アダプタブル"
48,5,15020101,8,209000070,1,0,0,0,0.02,"通常ボス"
49,5,15020201,8,209000070,1,0,0,0,0.02,"通常ボス"
50,5,15040101,8,209000070,1,0,0,0,0.02,"通常ボス"
51,5,15040701,8,209000070,1,0,0,0,0.02,"通常ボス"
52,5,15041101,8,209000070,1,0,0,0,0.02,"通常ボス"
53,5,15050001,8,209000070,1,0,0,0,0.02,"通常ボス"
54,5,15050201,8,209000070,1,0,0,0,0.02,"通常ボス"
55,5,15080201,8,209000070,1,0,0,0,0.02,"通常ボス"
56,5,15090101,8,209000070,1,0,0,0,0.02,"通常ボス"
57,5,15100001,8,209000070,1,0,0,0,0.02,"通常ボス"
58,5,15100101,8,209000070,1,0,0,0,0.02,"通常ボス"
59,5,15100201,8,209000070,1,0,0,0,0.02,"通常ボス"
60,5,15110101,8,209000070,1,0,0,0,0.02,"通常ボス"
61,5,15140101,8,209000070,1,0,0,0,0.02,"通常ボス"
62,5,15170101,8,209000070,1,0,0,0,0.02,"通常ボス"
63,5,15180001,8,209000070,1,0,0,0,0.02,"通常ボス"
64,5,15300001,8,209000070,1,0,0,0,0.02,"通常ボス"
65,5,15301001,8,209000070,1,0,0,0,0.02,"通常ボス"
66,5,15420001,8,209000070,1,0,0,0,0.02,"通常ボス"
67,5,15560001,8,209000070,1,0,0,0,0.02,"通常ボス"
68,5,15010201,1,111000120,1,0,0,10024,0.05,"エンドガーディアン"
69,5,15040001,1,111000120,1,0,0,10024,0.05,"エンドガーディアン"
70,5,15040202,1,111000120,1,0,0,10024,0.05,"エンドガーディアン"
71,5,15200101,1,111000120,1,0,0,10024,0.05,"エンドガーディアン"
72,5,15450003,1,111000120,1,0,0,10024,0.05,"エンドガーディアン"
73,5,15220101,8,202000090,1,0,0,0,0.05,"アダプタブル"
74,5,15501001,8,202000090,1,0,0,0,0.05,"アダプタブル"
75,5,15521001,8,202000090,1,0,0,0,0.05,"アダプタブル"
76,5,15570001,8,202000090,1,0,0,0,0.05,"アダプタブル"
77,6,15020101,8,203000110,1,0,0,0,0.02,"通常ボス"
78,6,15020201,8,203000110,1,0,0,0,0.02,"通常ボス"
79,6,15040101,8,203000110,1,0,0,0,0.02,"通常ボス"
80,6,15040701,8,203000110,1,0,0,0,0.02,"通常ボス"
81,6,15041101,8,203000110,1,0,0,0,0.02,"通常ボス"
82,6,15050001,8,203000110,1,0,0,0,0.02,"通常ボス"
83,6,15050201,8,203000110,1,0,0,0,0.02,"通常ボス"
84,6,15080201,8,203000110,1,0,0,0,0.02,"通常ボス"
85,6,15090101,8,203000110,1,0,0,0,0.02,"通常ボス"
86,6,15100001,8,203000110,1,0,0,0,0.02,"通常ボス"
87,6,15100101,8,203000110,1,0,0,0,0.02,"通常ボス"
88,6,15100201,8,203000110,1,0,0,0,0.02,"通常ボス"
89,6,15110101,8,203000110,1,0,0,0,0.02,"通常ボス"
90,6,15140101,8,203000110,1,0,0,0,0.02,"通常ボス"
91,6,15170101,8,203000110,1,0,0,0,0.02,"通常ボス"
92,6,15180001,8,203000110,1,0,0,0,0.02,"通常ボス"
93,6,15300001,8,203000110,1,0,0,0,0.02,"通常ボス"
94,6,15301001,8,203000110,1,0,0,0,0.02,"通常ボス"
95,6,15420001,8,203000110,1,0,0,0,0.02,"通常ボス"
96,6,15560001,8,203000110,1,0,0,0,0.02,"通常ボス"
97,6,15010201,1,118000090,1,0,0,10124,0.05,"エンドガーディアン"
98,6,15040001,1,118000090,1,0,0,10124,0.05,"エンドガーディアン"
99,6,15040202,1,118000090,1,0,0,10124,0.05,"エンドガーディアン"
100,6,15200101,1,118000090,1,0,0,10124,0.05,"エンドガーディアン"
101,6,15450003,1,118000090,1,0,0,10124,0.05,"エンドガーディアン"
102,6,15220101,8,204000080,1,0,0,0,0.05,"アダプタブル"
103,6,15501001,8,204000080,1,0,0,0,0.05,"アダプタブル"
104,6,15521001,8,204000080,1,0,0,0,0.05,"アダプタブル"
105,6,15570001,8,204000080,1,0,0,0,0.05,"アダプタブル"
106,6,15590000,1,118000090,1,0,0,10124,0.5,"パニッシャー"
107,6,15590000,8,204000080,1,0,0,0,0.5,"パニッシャー"
108,7,15020101,8,290000110,1,0,0,0,0.02,"通常ボス"
109,7,15020201,8,290000110,1,0,0,0,0.02,"通常ボス"
110,7,15040101,8,290000110,1,0,0,0,0.02,"通常ボス"
111,7,15040701,8,290000110,1,0,0,0,0.02,"通常ボス"
112,7,15041101,8,290000110,1,0,0,0,0.02,"通常ボス"
113,7,15050001,8,290000110,1,0,0,0,0.02,"通常ボス"
114,7,15050201,8,290000110,1,0,0,0,0.02,"通常ボス"
115,7,15080201,8,290000110,1,0,0,0,0.02,"通常ボス"
116,7,15090101,8,290000110,1,0,0,0,0.02,"通常ボス"
117,7,15100001,8,290000110,1,0,0,0,0.02,"通常ボス"
118,7,15100101,8,290000110,1,0,0,0,0.02,"通常ボス"
119,7,15100201,8,290000110,1,0,0,0,0.02,"通常ボス"
120,7,15110101,8,290000110,1,0,0,0,0.02,"通常ボス"
121,7,15140101,8,290000110,1,0,0,0,0.02,"通常ボス"
122,7,15170101,8,290000110,1,0,0,0,0.02,"通常ボス"
123,7,15180001,8,290000110,1,0,0,0,0.02,"通常ボス"
124,7,15300001,8,290000110,1,0,0,0,0.02,"通常ボス"
125,7,15301001,8,290000110,1,0,0,0,0.02,"通常ボス"
126,7,15420001,8,290000110,1,0,0,0,0.02,"通常ボス"
127,7,15560001,8,290000110,1,0,0,0,0.02,"通常ボス"
128,7,15010201,1,104000310,1,0,0,10124,0.05,"エンドガーディアン"
129,7,15040001,1,104000310,1,0,0,10124,0.05,"エンドガーディアン"
130,7,15040202,1,104000310,1,0,0,10124,0.05,"エンドガーディアン"
131,7,15200101,1,104000310,1,0,0,10124,0.05,"エンドガーディアン"
132,7,15450003,1,104000310,1,0,0,10124,0.05,"エンドガーディアン"
133,7,15220101,8,202000150,1,0,0,0,0.05,"アダプタブル"
134,7,15501001,8,202000150,1,0,0,0,0.05,"アダプタブル"
135,7,15521001,8,202000150,1,0,0,0,0.05,"アダプタブル"
136,7,15570001,8,202000150,1,0,0,0,0.05,"アダプタブル"
137,7,15590000,1,104000310,1,0,0,10124,0.5,"パニッシャー"
138,7,15590000,8,202000150,1,0,0,0,0.5,"パニッシャー"
139,8,15020101,8,206000110,1,0,0,0,0.02,"通常ボス"
140,8,15020201,8,206000110,1,0,0,0,0.02,"通常ボス"
141,8,15040101,8,206000110,1,0,0,0,0.02,"通常ボス"
142,8,15040701,8,206000110,1,0,0,0,0.02,"通常ボス"
143,8,15041101,8,206000110,1,0,0,0,0.02,"通常ボス"
144,8,15050001,8,206000110,1,0,0,0,0.02,"通常ボス"
145,8,15050201,8,206000110,1,0,0,0,0.02,"通常ボス"
146,8,15080201,8,206000110,1,0,0,0,0.02,"通常ボス"
147,8,15090101,8,206000110,1,0,0,0,0.02,"通常ボス"
148,8,15100001,8,206000110,1,0,0,0,0.02,"通常ボス"
149,8,15100101,8,206000110,1,0,0,0,0.02,"通常ボス"
150,8,15100201,8,206000110,1,0,0,0,0.02,"通常ボス"
151,8,15110101,8,206000110,1,0,0,0,0.02,"通常ボス"
152,8,15140101,8,206000110,1,0,0,0,0.02,"通常ボス"
153,8,15170101,8,206000110,1,0,0,0,0.02,"通常ボス"
154,8,15180001,8,206000110,1,0,0,0,0.02,"通常ボス"
155,8,15300001,8,206000110,1,0,0,0,0.02,"通常ボス"
156,8,15301001,8,206000110,1,0,0,0,0.02,"通常ボス"
157,8,15420001,8,206000110,1,0,0,0,0.02,"通常ボス"
158,8,15560001,8,206000110,1,0,0,0,0.02,"通常ボス"
159,8,15010201,1,106000290,1,0,0,10260,0.05,"エンドガーディアン"
160,8,15040001,1,106000290,1,0,0,10260,0.05,"エンドガーディアン"
161,8,15040202,1,106000290,1,0,0,10260,0.05,"エンドガーディアン"
162,8,15200101,1,106000290,1,0,0,10260,0.05,"エンドガーディアン"
163,8,15450003,1,106000290,1,0,0,10260,0.05,"エンドガーディアン"
164,8,15220101,8,204000100,1,0,0,0,0.05,"アダプタブル"
165,8,15501001,8,204000100,1,0,0,0,0.05,"アダプタブル"
166,8,15521001,8,204000100,1,0,0,0,0.05,"アダプタブル"
167,8,15570001,8,204000100,1,0,0,0,0.05,"アダプタブル"
168,8,15590000,1,106000290,1,0,0,10260,0.5,"パニッシャー"
169,8,15590000,8,204000100,1,0,0,0,0.5,"パニッシャー"
170,9,15020101,8,209000160,1,0,0,0,0.02,"通常ボス：グリンブルスティ（討伐用01）"
171,9,15020201,8,209000160,1,0,0,0,0.02,"通常ボス：アウドムラ（討伐用01）"
172,9,15040101,8,209000160,1,0,0,0,0.02,"通常ボス：ジークフリート（討伐用01）"
173,9,15040701,8,209000160,1,0,0,0,0.02,"通常ボス：ジークムント（討伐用01）"
174,9,15041101,8,209000160,1,0,0,0,0.02,"通常ボス：ベルゲルミル（討伐用01）"
175,9,15050001,8,209000160,1,0,0,0,0.02,"通常ボス：ヘル（討伐用01）"
176,9,15050201,8,209000160,1,0,0,0,0.02,"通常ボス：ヤールンサクサ（討伐用01）"
177,9,15080201,8,209000160,1,0,0,0,0.02,"通常ボス：フィヨルズヴァルトニル（討伐用01）"
178,9,15090101,8,209000160,1,0,0,0,0.02,"通常ボス：ニーズヘッグ（討伐用01）"
179,9,15100001,8,209000160,1,0,0,0,0.02,"通常ボス：グレンデル（討伐用01）"
180,9,15100101,8,209000160,1,0,0,0,0.02,"通常ボス：ベルグリシ（討伐用01）"
181,9,15100201,8,209000160,1,0,0,0,0.02,"通常ボス：ファールバウティ（討伐用01）"
182,9,15110001,8,209000160,1,0,0,0,0.02,"通常ボス：ラタトスク（討伐用01）"
183,9,15110101,8,209000160,1,0,0,0,0.02,"通常ボス：リンドブルム（討伐用01）"
184,9,15140101,8,209000160,1,0,0,0,0.02,"通常ボス：アバドーン（討伐用01）"
185,9,15170101,8,209000160,1,0,0,0,0.02,"通常ボス：ガングラティ（討伐用01）"
186,9,15180001,8,209000160,1,0,0,0,0.02,"通常ボス：ジ・アンブレイカブル（討伐用01）"
187,9,15300001,8,209000160,1,0,0,0,0.02,"通常ボス：デトネイター・ザ・コボルドロード（討伐用01）"
188,9,15301001,8,209000160,1,0,0,0,0.02,"通常ボス：イルファング・ザ・コボルドロード（討伐用01）"
189,9,15420001,8,209000160,1,0,0,0,0.02,"通常ボス：アメディスター・ザ・クイーン（討伐用01）"
190,9,15560001,8,209000160,1,0,0,0,0.02,"通常ボス：スピリット・ザ・グースロード（討伐用01）"
191,9,15010201,1,102000400,1,0,0,10330,0.05,"エンドガーディアン：クン・リンドルム（討伐用01）"
192,9,15040001,1,102000400,1,0,0,10330,0.05,"エンドガーディアン：オーディン（討伐用01）"
193,9,15040202,1,102000400,1,0,0,10330,0.05,"エンドガーディアン：ロキ（討伐用01）"
194,9,15200101,1,102000400,1,0,0,10330,0.05,"エンドガーディアン：デス（討伐用01）"
195,9,15450003,1,102000400,1,0,0,10330,0.05,"エンドガーディアン：ラーヴァクリーパー（討伐用01）"
196,9,15220101,8,206000170,1,0,0,0,0.05,"アダプタブル：プロビデンス（討伐用01）"
197,9,15501001,8,206000170,1,0,0,0,0.05,"アダプタブル：ガストアイズ（討伐用01）"
198,9,15521001,8,206000170,1,0,0,0,0.05,"アダプタブル：ロン・ザ・ショーグングレイス（討伐用01）"
199,9,15570001,8,206000170,1,0,0,0,0.05,"アダプタブル：メカ型ボス(討伐用01）"
200,9,15590000,1,102000400,1,0,0,10330,0.5,"パニッシャー：冥界王ハーデス"
201,9,15590000,8,206000170,1,0,0,0,0.5,"パニッシャー：冥界王ハーデス"
202,10,15020101,8,209000190,1,0,0,0,0.02,"通常ボス：グリンブルスティ（討伐用01）"
203,10,15020201,8,209000190,1,0,0,0,0.02,"通常ボス：アウドムラ（討伐用01）"
204,10,15040101,8,209000190,1,0,0,0,0.02,"通常ボス：ジークフリート（討伐用01）"
205,10,15040701,8,209000190,1,0,0,0,0.02,"通常ボス：ジークムント（討伐用01）"
206,10,15041101,8,209000190,1,0,0,0,0.02,"通常ボス：ベルゲルミル（討伐用01）"
207,10,15050001,8,209000190,1,0,0,0,0.02,"通常ボス：ヘル（討伐用01）"
208,10,15050201,8,209000190,1,0,0,0,0.02,"通常ボス：ヤールンサクサ（討伐用01）"
209,10,15080201,8,209000190,1,0,0,0,0.02,"通常ボス：フィヨルズヴァルトニル（討伐用01）"
210,10,15090101,8,209000190,1,0,0,0,0.02,"通常ボス：ニーズヘッグ（討伐用01）"
211,10,15100001,8,209000190,1,0,0,0,0.02,"通常ボス：グレンデル（討伐用01）"
212,10,15100101,8,209000190,1,0,0,0,0.02,"通常ボス：ベルグリシ（討伐用01）"
213,10,15100201,8,209000190,1,0,0,0,0.02,"通常ボス：ファールバウティ（討伐用01）"
214,10,15110001,8,209000190,1,0,0,0,0.02,"通常ボス：ラタトスク（討伐用01）"
215,10,15110101,8,209000190,1,0,0,0,0.02,"通常ボス：リンドブルム（討伐用01）"
216,10,15140101,8,209000190,1,0,0,0,0.02,"通常ボス：アバドーン（討伐用01）"
217,10,15170101,8,209000190,1,0,0,0,0.02,"通常ボス：ガングラティ（討伐用01）"
218,10,15180001,8,209000190,1,0,0,0,0.02,"通常ボス：ジ・アンブレイカブル（討伐用01）"
219,10,15300001,8,209000190,1,0,0,0,0.02,"通常ボス：デトネイター・ザ・コボルドロード（討伐用01）"
220,10,15301001,8,209000190,1,0,0,0,0.02,"通常ボス：イルファング・ザ・コボルドロード（討伐用01）"
221,10,15420001,8,209000190,1,0,0,0,0.02,"通常ボス：アメディスター・ザ・クイーン（討伐用01）"
222,10,15560001,8,209000190,1,0,0,0,0.02,"通常ボス：スピリット・ザ・グースロード（討伐用01）"
223,10,15010201,1,105000260,1,0,0,10370,0.05,"エンドガーディアン：クン・リンドルム（討伐用01）"
224,10,15040001,1,105000260,1,0,0,10370,0.05,"エンドガーディアン：オーディン（討伐用01）"
225,10,15040202,1,105000260,1,0,0,10370,0.05,"エンドガーディアン：ロキ（討伐用01）"
226,10,15200101,1,105000260,1,0,0,10370,0.05,"エンドガーディアン：デス（討伐用01）"
227,10,15450003,1,105000260,1,0,0,10370,0.05,"エンドガーディアン：ラーヴァクリーパー（討伐用01）"
228,10,15220101,8,204000200,1,0,0,0,0.05,"アダプタブル：プロビデンス（討伐用01）"
229,10,15501001,8,204000200,1,0,0,0,0.05,"アダプタブル：ガストアイズ（討伐用01）"
230,10,15521001,8,204000200,1,0,0,0,0.05,"アダプタブル：ロン・ザ・ショーグングレイス（討伐用01）"
231,10,15570001,8,204000200,1,0,0,0,0.05,"アダプタブル：メカ型ボス(討伐用01）"
232,10,15590000,1,105000260,1,0,0,10370,0.5,"パニッシャー：冥界王ハーデス"
233,10,15590000,8,204000200,1,0,0,0,0.5,"パニッシャー：冥界王ハーデス"
234,11,15020101,8,298000120,1,0,0,0,0.02,"通常ボス：グリンブルスティ（討伐用01）"
235,11,15020201,8,298000120,1,0,0,0,0.02,"通常ボス：アウドムラ（討伐用01）"
236,11,15040101,8,298000120,1,0,0,0,0.02,"通常ボス：ジークフリート（討伐用01）"
237,11,15040701,8,298000120,1,0,0,0,0.02,"通常ボス：ジークムント（討伐用01）"
238,11,15041101,8,298000120,1,0,0,0,0.02,"通常ボス：ベルゲルミル（討伐用01）"
239,11,15050001,8,298000120,1,0,0,0,0.02,"通常ボス：ヘル（討伐用01）"
240,11,15050201,8,298000120,1,0,0,0,0.02,"通常ボス：ヤールンサクサ（討伐用01）"
241,11,15080201,8,298000120,1,0,0,0,0.02,"通常ボス：フィヨルズヴァルトニル（討伐用01）"
242,11,15090101,8,298000120,1,0,0,0,0.02,"通常ボス：ニーズヘッグ（討伐用01）"
243,11,15100001,8,298000120,1,0,0,0,0.02,"通常ボス：グレンデル（討伐用01）"
244,11,15100101,8,298000120,1,0,0,0,0.02,"通常ボス：ベルグリシ（討伐用01）"
245,11,15100201,8,298000120,1,0,0,0,0.02,"通常ボス：ファールバウティ（討伐用01）"
246,11,15110001,8,298000120,1,0,0,0,0.02,"通常ボス：ラタトスク（討伐用01）"
247,11,15110101,8,298000120,1,0,0,0,0.02,"通常ボス：リンドブルム（討伐用01）"
248,11,15140101,8,298000120,1,0,0,0,0.02,"通常ボス：アバドーン（討伐用01）"
249,11,15170101,8,298000120,1,0,0,0,0.02,"通常ボス：ガングラティ（討伐用01）"
250,11,15180001,8,298000120,1,0,0,0,0.02,"通常ボス：ジ・アンブレイカブル（討伐用01）"
251,11,15300001,8,298000120,1,0,0,0,0.02,"通常ボス：デトネイター・ザ・コボルドロード（討伐用01）"
252,11,15301001,8,298000120,1,0,0,0,0.02,"通常ボス：イルファング・ザ・コボルドロード（討伐用01）"
253,11,15420001,8,298000120,1,0,0,0,0.02,"通常ボス：アメディスター・ザ・クイーン（討伐用01）"
254,11,15560001,8,298000120,1,0,0,0,0.02,"通常ボス：スピリット・ザ・グースロード（討伐用01）"
255,11,15010201,1,112000160,1,0,0,10410,0.05,"エンドガーディアン：クン・リンドルム（討伐用01）"
256,11,15040001,1,112000160,1,0,0,10410,0.05,"エンドガーディアン：オーディン（討伐用01）"
257,11,15040202,1,112000160,1,0,0,10410,0.05,"エンドガーディアン：ロキ（討伐用01）"
258,11,15200101,1,112000160,1,0,0,10410,0.05,"エンドガーディアン：デス（討伐用01）"
259,11,15450003,1,112000160,1,0,0,10410,0.05,"エンドガーディアン：ラーヴァクリーパー（討伐用01）"
260,11,15220101,8,298000110,1,0,0,0,0.05,"アダプタブル：プロビデンス（討伐用01）"
261,11,15501001,8,298000110,1,0,0,0,0.05,"アダプタブル：ガストアイズ（討伐用01）"
262,11,15521001,8,298000110,1,0,0,0,0.05,"アダプタブル：ロン・ザ・ショーグングレイス（討伐用01）"
263,11,15570001,8,298000110,1,0,0,0,0.05,"アダプタブル：メカ型ボス(討伐用01）"
264,11,15590000,1,112000160,1,0,0,10410,0.5,"パニッシャー：冥界王ハーデス"
265,11,15590000,8,298000110,1,0,0,0,0.5,"パニッシャー：冥界王ハーデス"
266,12,15020101,8,290000130,1,0,0,0,0.02,"通常ボス：グリンブルスティ（討伐用01）"
267,12,15020201,8,290000130,1,0,0,0,0.02,"通常ボス：アウドムラ（討伐用01）"
268,12,15040101,8,290000130,1,0,0,0,0.02,"通常ボス：ジークフリート（討伐用01）"
269,12,15040701,8,290000130,1,0,0,0,0.02,"通常ボス：ジークムント（討伐用01）"
270,12,15041101,8,290000130,1,0,0,0,0.02,"通常ボス：ベルゲルミル（討伐用01）"
271,12,15050001,8,290000130,1,0,0,0,0.02,"通常ボス：ヘル（討伐用01）"
272,12,15050201,8,290000130,1,0,0,0,0.02,"通常ボス：ヤールンサクサ（討伐用01）"
273,12,15080201,8,290000130,1,0,0,0,0.02,"通常ボス：フィヨルズヴァルトニル（討伐用01）"
274,12,15090101,8,290000130,1,0,0,0,0.02,"通常ボス：ニーズヘッグ（討伐用01）"
275,12,15100001,8,290000130,1,0,0,0,0.02,"通常ボス：グレンデル（討伐用01）"
276,12,15100101,8,290000130,1,0,0,0,0.02,"通常ボス：ベルグリシ（討伐用01）"
277,12,15100201,8,290000130,1,0,0,0,0.02,"通常ボス：ファールバウティ（討伐用01）"
278,12,15110001,8,290000130,1,0,0,0,0.02,"通常ボス：ラタトスク（討伐用01）"
279,12,15110101,8,290000130,1,0,0,0,0.02,"通常ボス：リンドブルム（討伐用01）"
280,12,15140101,8,290000130,1,0,0,0,0.02,"通常ボス：アバドーン（討伐用01）"
281,12,15170101,8,290000130,1,0,0,0,0.02,"通常ボス：ガングラティ（討伐用01）"
282,12,15180001,8,290000130,1,0,0,0,0.02,"通常ボス：ジ・アンブレイカブル（討伐用01）"
283,12,15300001,8,290000130,1,0,0,0,0.02,"通常ボス：デトネイター・ザ・コボルドロード（討伐用01）"
284,12,15301001,8,290000130,1,0,0,0,0.02,"通常ボス：イルファング・ザ・コボルドロード（討伐用01）"
285,12,15420001,8,290000130,1,0,0,0,0.02,"通常ボス：アメディスター・ザ・クイーン（討伐用01）"
286,12,15560001,8,290000130,1,0,0,0,0.02,"通常ボス：スピリット・ザ・グースロード（討伐用01）"
287,12,15010201,1,110000240,1,0,0,10450,0.05,"エンドガーディアン：クン・リンドルム（討伐用01）"
288,12,15040001,1,110000240,1,0,0,10450,0.05,"エンドガーディアン：オーディン（討伐用01）"
289,12,15040202,1,110000240,1,0,0,10450,0.05,"エンドガーディアン：ロキ（討伐用01）"
290,12,15200101,1,110000240,1,0,0,10450,0.05,"エンドガーディアン：デス（討伐用01）"
291,12,15450003,1,110000240,1,0,0,10450,0.05,"エンドガーディアン：ラーヴァクリーパー（討伐用01）"
292,12,15220101,8,203000260,1,0,0,0,0.05,"アダプタブル：プロビデンス（討伐用01）"
293,12,15501001,8,203000260,1,0,0,0,0.05,"アダプタブル：ガストアイズ（討伐用01）"
294,12,15521001,8,203000260,1,0,0,0,0.05,"アダプタブル：ロン・ザ・ショーグングレイス（討伐用01）"
295,12,15570001,8,203000260,1,0,0,0,0.05,"アダプタブル：メカ型ボス(討伐用01）"
296,12,15590000,1,110000240,1,0,0,10450,0.5,"パニッシャー：冥界王ハーデス"
297,12,15590000,8,203000260,1,0,0,0,0.5,"パニッシャー：冥界王ハーデス"
298,13,15020101,8,201000170,1,0,0,0,0.01,"通常ボス：グリンブルスティ（討伐用01）"
299,13,15020201,8,201000170,1,0,0,0,0.01,"通常ボス：アウドムラ（討伐用01）"
300,13,15040101,8,201000170,1,0,0,0,0.01,"通常ボス：ジークフリート（討伐用01）"
301,13,15040701,8,201000170,1,0,0,0,0.01,"通常ボス：ジークムント（討伐用01）"
302,13,15041101,8,201000170,1,0,0,0,0.01,"通常ボス：ベルゲルミル（討伐用01）"
303,13,15050001,8,201000170,1,0,0,0,0.01,"通常ボス：ヘル（討伐用01）"
304,13,15050201,8,201000170,1,0,0,0,0.01,"通常ボス：ヤールンサクサ（討伐用01）"
305,13,15080201,8,201000170,1,0,0,0,0.01,"通常ボス：フィヨルズヴァルトニル（討伐用01）"
306,13,15090101,8,201000170,1,0,0,0,0.01,"通常ボス：ニーズヘッグ（討伐用01）"
307,13,15100001,8,201000170,1,0,0,0,0.01,"通常ボス：グレンデル（討伐用01）"
308,13,15100101,8,201000170,1,0,0,0,0.01,"通常ボス：ベルグリシ（討伐用01）"
309,13,15100201,8,201000170,1,0,0,0,0.01,"通常ボス：ファールバウティ（討伐用01）"
310,13,15110001,8,201000170,1,0,0,0,0.01,"通常ボス：ラタトスク（討伐用01）"
311,13,15110101,8,201000170,1,0,0,0,0.01,"通常ボス：リンドブルム（討伐用01）"
312,13,15140101,8,201000170,1,0,0,0,0.01,"通常ボス：アバドーン（討伐用01）"
313,13,15170101,8,201000170,1,0,0,0,0.01,"通常ボス：ガングラティ（討伐用01）"
314,13,15180001,8,201000170,1,0,0,0,0.01,"通常ボス：ジ・アンブレイカブル（討伐用01）"
315,13,15300001,8,201000170,1,0,0,0,0.01,"通常ボス：デトネイター・ザ・コボルドロード（討伐用01）"
316,13,15301001,8,201000170,1,0,0,0,0.01,"通常ボス：イルファング・ザ・コボルドロード（討伐用01）"
317,13,15420001,8,201000170,1,0,0,0,0.01,"通常ボス：アメディスター・ザ・クイーン（討伐用01）"
318,13,15560001,8,201000170,1,0,0,0,0.01,"通常ボス：スピリット・ザ・グースロード（討伐用01）"
319,13,15020101,8,203000270,1,0,0,0,0.01,"通常ボス：グリンブルスティ（討伐用01）"
320,13,15020201,8,203000270,1,0,0,0,0.01,"通常ボス：アウドムラ（討伐用01）"
321,13,15040101,8,203000270,1,0,0,0,0.01,"通常ボス：ジークフリート（討伐用01）"
322,13,15040701,8,203000270,1,0,0,0,0.01,"通常ボス：ジークムント（討伐用01）"
323,13,15041101,8,203000270,1,0,0,0,0.01,"通常ボス：ベルゲルミル（討伐用01）"
324,13,15050001,8,203000270,1,0,0,0,0.01,"通常ボス：ヘル（討伐用01）"
325,13,15050201,8,203000270,1,0,0,0,0.01,"通常ボス：ヤールンサクサ（討伐用01）"
326,13,15080201,8,203000270,1,0,0,0,0.01,"通常ボス：フィヨルズヴァルトニル（討伐用01）"
327,13,15090101,8,203000270,1,0,0,0,0.01,"通常ボス：ニーズヘッグ（討伐用01）"
328,13,15100001,8,203000270,1,0,0,0,0.01,"通常ボス：グレンデル（討伐用01）"
329,13,15100101,8,203000270,1,0,0,0,0.01,"通常ボス：ベルグリシ（討伐用01）"
330,13,15100201,8,203000270,1,0,0,0,0.01,"通常ボス：ファールバウティ（討伐用01）"
331,13,15110001,8,203000270,1,0,0,0,0.01,"通常ボス：ラタトスク（討伐用01）"
332,13,15110101,8,203000270,1,0,0,0,0.01,"通常ボス：リンドブルム（討伐用01）"
333,13,15140101,8,203000270,1,0,0,0,0.01,"通常ボス：アバドーン（討伐用01）"
334,13,15170101,8,203000270,1,0,0,0,0.01,"通常ボス：ガングラティ（討伐用01）"
335,13,15180001,8,203000270,1,0,0,0,0.01,"通常ボス：ジ・アンブレイカブル（討伐用01）"
336,13,15300001,8,203000270,1,0,0,0,0.01,"通常ボス：デトネイター・ザ・コボルドロード（討伐用01）"
337,13,15301001,8,203000270,1,0,0,0,0.01,"通常ボス：イルファング・ザ・コボルドロード（討伐用01）"
338,13,15420001,8,203000270,1,0,0,0,0.01,"通常ボス：アメディスター・ザ・クイーン（討伐用01）"
339,13,15560001,8,203000270,1,0,0,0,0.01,"通常ボス：スピリット・ザ・グースロード（討伐用01）"
340,13,15020101,8,209000240,1,0,0,0,0.01,"通常ボス：グリンブルスティ（討伐用01）"
341,13,15020201,8,209000240,1,0,0,0,0.01,"通常ボス：アウドムラ（討伐用01）"
342,13,15040101,8,209000240,1,0,0,0,0.01,"通常ボス：ジークフリート（討伐用01）"
343,13,15040701,8,209000240,1,0,0,0,0.01,"通常ボス：ジークムント（討伐用01）"
344,13,15041101,8,209000240,1,0,0,0,0.01,"通常ボス：ベルゲルミル（討伐用01）"
345,13,15050001,8,209000240,1,0,0,0,0.01,"通常ボス：ヘル（討伐用01）"
346,13,15050201,8,209000240,1,0,0,0,0.01,"通常ボス：ヤールンサクサ（討伐用01）"
347,13,15080201,8,209000240,1,0,0,0,0.01,"通常ボス：フィヨルズヴァルトニル（討伐用01）"
348,13,15090101,8,209000240,1,0,0,0,0.01,"通常ボス：ニーズヘッグ（討伐用01）"
349,13,15100001,8,209000240,1,0,0,0,0.01,"通常ボス：グレンデル（討伐用01）"
350,13,15100101,8,209000240,1,0,0,0,0.01,"通常ボス：ベルグリシ（討伐用01）"
351,13,15100201,8,209000240,1,0,0,0,0.01,"通常ボス：ファールバウティ（討伐用01）"
352,13,15110001,8,209000240,1,0,0,0,0.01,"通常ボス：ラタトスク（討伐用01）"
353,13,15110101,8,209000240,1,0,0,0,0.01,"通常ボス：リンドブルム（討伐用01）"
354,13,15140101,8,209000240,1,0,0,0,0.01,"通常ボス：アバドーン（討伐用01）"
355,13,15170101,8,209000240,1,0,0,0,0.01,"通常ボス：ガングラティ（討伐用01）"
356,13,15180001,8,209000240,1,0,0,0,0.01,"通常ボス：ジ・アンブレイカブル（討伐用01）"
357,13,15300001,8,209000240,1,0,0,0,0.01,"通常ボス：デトネイター・ザ・コボルドロード（討伐用01）"
358,13,15301001,8,209000240,1,0,0,0,0.01,"通常ボス：イルファング・ザ・コボルドロード（討伐用01）"
359,13,15420001,8,209000240,1,0,0,0,0.01,"通常ボス：アメディスター・ザ・クイーン（討伐用01）"
360,13,15560001,8,209000240,1,0,0,0,0.01,"通常ボス：スピリット・ザ・グースロード（討伐用01）"
361,13,15010201,1,103000410,1,0,0,10490,0.05,"エンドガーディアン：クン・リンドルム（討伐用01）"
362,13,15040001,1,103000410,1,0,0,10490,0.05,"エンドガーディアン：オーディン（討伐用01）"
363,13,15040202,1,103000410,1,0,0,10490,0.05,"エンドガーディアン：ロキ（討伐用01）"
364,13,15200101,1,103000410,1,0,0,10490,0.05,"エンドガーディアン：デス（討伐用01）"
365,13,15450003,1,103000410,1,0,0,10490,0.05,"エンドガーディアン：ラーヴァクリーパー（討伐用01）"
366,13,15220101,8,204000270,1,0,0,0,0.05,"アダプタブル：プロビデンス（討伐用01）"
367,13,15501001,8,204000270,1,0,0,0,0.05,"アダプタブル：ガストアイズ（討伐用01）"
368,13,15521001,8,204000270,1,0,0,0,0.05,"アダプタブル：ロン・ザ・ショーグングレイス（討伐用01）"
369,13,15570001,8,204000270,1,0,0,0,0.05,"アダプタブル：メカ型ボス(討伐用01）"
370,13,15590002,1,103000410,1,0,0,10490,0.45,"パニッシャー：冥界王ハーデス（21年夏CP）"
371,13,15590002,8,204000270,1,0,0,0,0.45,"パニッシャー：冥界王ハーデス（21年夏CP）"
372,13,15590002,2,112000009,1,0,0,30000,0.1,"パニッシャー：冥界王ハーデス（21年夏CP）"
373,14,15020101,8,202000370,1,0,0,0,0.01,"通常ボス：グリンブルスティ（討伐用01）"
374,14,15020201,8,202000370,1,0,0,0,0.01,"通常ボス：アウドムラ（討伐用01）"
375,14,15040101,8,202000370,1,0,0,0,0.01,"通常ボス：ジークフリート（討伐用01）"
376,14,15040701,8,202000370,1,0,0,0,0.01,"通常ボス：ジークムント（討伐用01）"
377,14,15041101,8,202000370,1,0,0,0,0.01,"通常ボス：ベルゲルミル（討伐用01）"
378,14,15050001,8,202000370,1,0,0,0,0.01,"通常ボス：ヘル（討伐用01）"
379,14,15050201,8,202000370,1,0,0,0,0.01,"通常ボス：ヤールンサクサ（討伐用01）"
380,14,15080201,8,202000370,1,0,0,0,0.01,"通常ボス：フィヨルズヴァルトニル（討伐用01）"
381,14,15090101,8,202000370,1,0,0,0,0.01,"通常ボス：ニーズヘッグ（討伐用01）"
382,14,15100001,8,202000370,1,0,0,0,0.01,"通常ボス：グレンデル（討伐用01）"
383,14,15100101,8,202000370,1,0,0,0,0.01,"通常ボス：ベルグリシ（討伐用01）"
384,14,15100201,8,202000370,1,0,0,0,0.01,"通常ボス：ファールバウティ（討伐用01）"
385,14,15110001,8,202000370,1,0,0,0,0.01,"通常ボス：ラタトスク（討伐用01）"
386,14,15110101,8,202000370,1,0,0,0,0.01,"通常ボス：リンドブルム（討伐用01）"
387,14,15140101,8,202000370,1,0,0,0,0.01,"通常ボス：アバドーン（討伐用01）"
388,14,15170101,8,202000370,1,0,0,0,0.01,"通常ボス：ガングラティ（討伐用01）"
389,14,15180001,8,202000370,1,0,0,0,0.01,"通常ボス：ジ・アンブレイカブル（討伐用01）"
390,14,15300001,8,202000370,1,0,0,0,0.01,"通常ボス：デトネイター・ザ・コボルドロード（討伐用01）"
391,14,15301001,8,202000370,1,0,0,0,0.01,"通常ボス：イルファング・ザ・コボルドロード（討伐用01）"
392,14,15420001,8,202000370,1,0,0,0,0.01,"通常ボス：アメディスター・ザ・クイーン（討伐用01）"
393,14,15560001,8,202000370,1,0,0,0,0.01,"通常ボス：スピリット・ザ・グースロード（討伐用01）"
394,14,15020101,8,205000220,1,0,0,0,0.01,"通常ボス：グリンブルスティ（討伐用01）"
395,14,15020201,8,205000220,1,0,0,0,0.01,"通常ボス：アウドムラ（討伐用01）"
396,14,15040101,8,205000220,1,0,0,0,0.01,"通常ボス：ジークフリート（討伐用01）"
397,14,15040701,8,205000220,1,0,0,0,0.01,"通常ボス：ジークムント（討伐用01）"
398,14,15041101,8,205000220,1,0,0,0,0.01,"通常ボス：ベルゲルミル（討伐用01）"
399,14,15050001,8,205000220,1,0,0,0,0.01,"通常ボス：ヘル（討伐用01）"
400,14,15050201,8,205000220,1,0,0,0,0.01,"通常ボス：ヤールンサクサ（討伐用01）"
401,14,15080201,8,205000220,1,0,0,0,0.01,"通常ボス：フィヨルズヴァルトニル（討伐用01）"
402,14,15090101,8,205000220,1,0,0,0,0.01,"通常ボス：ニーズヘッグ（討伐用01）"
403,14,15100001,8,205000220,1,0,0,0,0.01,"通常ボス：グレンデル（討伐用01）"
404,14,15100101,8,205000220,1,0,0,0,0.01,"通常ボス：ベルグリシ（討伐用01）"
405,14,15100201,8,205000220,1,0,0,0,0.01,"通常ボス：ファールバウティ（討伐用01）"
406,14,15110001,8,205000220,1,0,0,0,0.01,"通常ボス：ラタトスク（討伐用01）"
407,14,15110101,8,205000220,1,0,0,0,0.01,"通常ボス：リンドブルム（討伐用01）"
408,14,15140101,8,205000220,1,0,0,0,0.01,"通常ボス：アバドーン（討伐用01）"
409,14,15170101,8,205000220,1,0,0,0,0.01,"通常ボス：ガングラティ（討伐用01）"
410,14,15180001,8,205000220,1,0,0,0,0.01,"通常ボス：ジ・アンブレイカブル（討伐用01）"
411,14,15300001,8,205000220,1,0,0,0,0.01,"通常ボス：デトネイター・ザ・コボルドロード（討伐用01）"
412,14,15301001,8,205000220,1,0,0,0,0.01,"通常ボス：イルファング・ザ・コボルドロード（討伐用01）"
413,14,15420001,8,205000220,1,0,0,0,0.01,"通常ボス：アメディスター・ザ・クイーン（討伐用01）"
414,14,15560001,8,205000220,1,0,0,0,0.01,"通常ボス：スピリット・ザ・グースロード（討伐用01）"
415,14,15020101,8,206000240,1,0,0,0,0.01,"通常ボス：グリンブルスティ（討伐用01）"
416,14,15020201,8,206000240,1,0,0,0,0.01,"通常ボス：アウドムラ（討伐用01）"
417,14,15040101,8,206000240,1,0,0,0,0.01,"通常ボス：ジークフリート（討伐用01）"
418,14,15040701,8,206000240,1,0,0,0,0.01,"通常ボス：ジークムント（討伐用01）"
419,14,15041101,8,206000240,1,0,0,0,0.01,"通常ボス：ベルゲルミル（討伐用01）"
420,14,15050001,8,206000240,1,0,0,0,0.01,"通常ボス：ヘル（討伐用01）"
421,14,15050201,8,206000240,1,0,0,0,0.01,"通常ボス：ヤールンサクサ（討伐用01）"
422,14,15080201,8,206000240,1,0,0,0,0.01,"通常ボス：フィヨルズヴァルトニル（討伐用01）"
423,14,15090101,8,206000240,1,0,0,0,0.01,"通常ボス：ニーズヘッグ（討伐用01）"
424,14,15100001,8,206000240,1,0,0,0,0.01,"通常ボス：グレンデル（討伐用01）"
425,14,15100101,8,206000240,1,0,0,0,0.01,"通常ボス：ベルグリシ（討伐用01）"
426,14,15100201,8,206000240,1,0,0,0,0.01,"通常ボス：ファールバウティ（討伐用01）"
427,14,15110001,8,206000240,1,0,0,0,0.01,"通常ボス：ラタトスク（討伐用01）"
428,14,15110101,8,206000240,1,0,0,0,0.01,"通常ボス：リンドブルム（討伐用01）"
429,14,15140101,8,206000240,1,0,0,0,0.01,"通常ボス：アバドーン（討伐用01）"
430,14,15170101,8,206000240,1,0,0,0,0.01,"通常ボス：ガングラティ（討伐用01）"
431,14,15180001,8,206000240,1,0,0,0,0.01,"通常ボス：ジ・アンブレイカブル（討伐用01）"
432,14,15300001,8,206000240,1,0,0,0,0.01,"通常ボス：デトネイター・ザ・コボルドロード（討伐用01）"
433,14,15301001,8,206000240,1,0,0,0,0.01,"通常ボス：イルファング・ザ・コボルドロード（討伐用01）"
434,14,15420001,8,206000240,1,0,0,0,0.01,"通常ボス：アメディスター・ザ・クイーン（討伐用01）"
435,14,15560001,8,206000240,1,0,0,0,0.01,"通常ボス：スピリット・ザ・グースロード（討伐用01）"
436,14,15010201,1,109000400,1,0,0,10500,0.05,"エンドガーディアン：クン・リンドルム（討伐用01）"
437,14,15040001,1,109000400,1,0,0,10500,0.05,"エンドガーディアン：オーディン（討伐用01）"
438,14,15040202,1,109000400,1,0,0,10500,0.05,"エンドガーディアン：ロキ（討伐用01）"
439,14,15200101,1,109000400,1,0,0,10500,0.05,"エンドガーディアン：デス（討伐用01）"
440,14,15450003,1,109000400,1,0,0,10500,0.05,"エンドガーディアン：ラーヴァクリーパー（討伐用01）"
441,14,15220101,8,220000080,1,0,0,0,0.05,"アダプタブル：プロビデンス（討伐用01）"
442,14,15501001,8,220000080,1,0,0,0,0.05,"アダプタブル：ガストアイズ（討伐用01）"
443,14,15521001,8,220000080,1,0,0,0,0.05,"アダプタブル：ロン・ザ・ショーグングレイス（討伐用01）"
444,14,15570001,8,220000080,1,0,0,0,0.05,"アダプタブル：メカ型ボス(討伐用01）"
445,14,15590000,1,109000400,1,0,0,10500,0.5,"パニッシャー：冥界王ハーデス"
446,14,15590000,8,220000080,1,0,0,0,0.5,"パニッシャー：冥界王ハーデス"
447,15,15020101,8,202000400,1,0,0,0,0.01,"通常ボス：グリンブルスティ（討伐用01）"
448,15,15020201,8,202000400,1,0,0,0,0.01,"通常ボス：アウドムラ（討伐用01）"
449,15,15040101,8,202000400,1,0,0,0,0.01,"通常ボス：ジークフリート（討伐用01）"
450,15,15040701,8,202000400,1,0,0,0,0.01,"通常ボス：ジークムント（討伐用01）"
451,15,15041101,8,202000400,1,0,0,0,0.01,"通常ボス：ベルゲルミル（討伐用01）"
452,15,15050001,8,202000400,1,0,0,0,0.01,"通常ボス：ヘル（討伐用01）"
453,15,15050201,8,202000400,1,0,0,0,0.01,"通常ボス：ヤールンサクサ（討伐用01）"
454,15,15080201,8,202000400,1,0,0,0,0.01,"通常ボス：フィヨルズヴァルトニル（討伐用01）"
455,15,15090101,8,202000400,1,0,0,0,0.01,"通常ボス：ニーズヘッグ（討伐用01）"
456,15,15100001,8,202000400,1,0,0,0,0.01,"通常ボス：グレンデル（討伐用01）"
457,15,15100101,8,202000400,1,0,0,0,0.01,"通常ボス：ベルグリシ（討伐用01）"
458,15,15100201,8,202000400,1,0,0,0,0.01,"通常ボス：ファールバウティ（討伐用01）"
459,15,15110001,8,202000400,1,0,0,0,0.01,"通常ボス：ラタトスク（討伐用01）"
460,15,15110101,8,202000400,1,0,0,0,0.01,"通常ボス：リンドブルム（討伐用01）"
461,15,15140101,8,202000400,1,0,0,0,0.01,"通常ボス：アバドーン（討伐用01）"
462,15,15170101,8,202000400,1,0,0,0,0.01,"通常ボス：ガングラティ（討伐用01）"
463,15,15180001,8,202000400,1,0,0,0,0.01,"通常ボス：ジ・アンブレイカブル（討伐用01）"
464,15,15300001,8,202000400,1,0,0,0,0.01,"通常ボス：デトネイター・ザ・コボルドロード（討伐用01）"
465,15,15301001,8,202000400,1,0,0,0,0.01,"通常ボス：イルファング・ザ・コボルドロード（討伐用01）"
466,15,15420001,8,202000400,1,0,0,0,0.01,"通常ボス：アメディスター・ザ・クイーン（討伐用01）"
467,15,15560001,8,202000400,1,0,0,0,0.01,"通常ボス：スピリット・ザ・グースロード（討伐用01）"
468,15,15020101,8,206000270,1,0,0,0,0.01,"通常ボス：グリンブルスティ（討伐用01）"
469,15,15020201,8,206000270,1,0,0,0,0.01,"通常ボス：アウドムラ（討伐用01）"
470,15,15040101,8,206000270,1,0,0,0,0.01,"通常ボス：ジークフリート（討伐用01）"
471,15,15040701,8,206000270,1,0,0,0,0.01,"通常ボス：ジークムント（討伐用01）"
472,15,15041101,8,206000270,1,0,0,0,0.01,"通常ボス：ベルゲルミル（討伐用01）"
473,15,15050001,8,206000270,1,0,0,0,0.01,"通常ボス：ヘル（討伐用01）"
474,15,15050201,8,206000270,1,0,0,0,0.01,"通常ボス：ヤールンサクサ（討伐用01）"
475,15,15080201,8,206000270,1,0,0,0,0.01,"通常ボス：フィヨルズヴァルトニル（討伐用01）"
476,15,15090101,8,206000270,1,0,0,0,0.01,"通常ボス：ニーズヘッグ（討伐用01）"
477,15,15100001,8,206000270,1,0,0,0,0.01,"通常ボス：グレンデル（討伐用01）"
478,15,15100101,8,206000270,1,0,0,0,0.01,"通常ボス：ベルグリシ（討伐用01）"
479,15,15100201,8,206000270,1,0,0,0,0.01,"通常ボス：ファールバウティ（討伐用01）"
480,15,15110001,8,206000270,1,0,0,0,0.01,"通常ボス：ラタトスク（討伐用01）"
481,15,15110101,8,206000270,1,0,0,0,0.01,"通常ボス：リンドブルム（討伐用01）"
482,15,15140101,8,206000270,1,0,0,0,0.01,"通常ボス：アバドーン（討伐用01）"
483,15,15170101,8,206000270,1,0,0,0,0.01,"通常ボス：ガングラティ（討伐用01）"
484,15,15180001,8,206000270,1,0,0,0,0.01,"通常ボス：ジ・アンブレイカブル（討伐用01）"
485,15,15300001,8,206000270,1,0,0,0,0.01,"通常ボス：デトネイター・ザ・コボルドロード（討伐用01）"
486,15,15301001,8,206000270,1,0,0,0,0.01,"通常ボス：イルファング・ザ・コボルドロード（討伐用01）"
487,15,15420001,8,206000270,1,0,0,0,0.01,"通常ボス：アメディスター・ザ・クイーン（討伐用01）"
488,15,15560001,8,206000270,1,0,0,0,0.01,"通常ボス：スピリット・ザ・グースロード（討伐用01）"
489,15,15020101,8,215000150,1,0,0,0,0.01,"通常ボス：グリンブルスティ（討伐用01）"
490,15,15020201,8,215000150,1,0,0,0,0.01,"通常ボス：アウドムラ（討伐用01）"
491,15,15040101,8,215000150,1,0,0,0,0.01,"通常ボス：ジークフリート（討伐用01）"
492,15,15040701,8,215000150,1,0,0,0,0.01,"通常ボス：ジークムント（討伐用01）"
493,15,15041101,8,215000150,1,0,0,0,0.01,"通常ボス：ベルゲルミル（討伐用01）"
494,15,15050001,8,215000150,1,0,0,0,0.01,"通常ボス：ヘル（討伐用01）"
495,15,15050201,8,215000150,1,0,0,0,0.01,"通常ボス：ヤールンサクサ（討伐用01）"
496,15,15080201,8,215000150,1,0,0,0,0.01,"通常ボス：フィヨルズヴァルトニル（討伐用01）"
497,15,15090101,8,215000150,1,0,0,0,0.01,"通常ボス：ニーズヘッグ（討伐用01）"
498,15,15100001,8,215000150,1,0,0,0,0.01,"通常ボス：グレンデル（討伐用01）"
499,15,15100101,8,215000150,1,0,0,0,0.01,"通常ボス：ベルグリシ（討伐用01）"
500,15,15100201,8,215000150,1,0,0,0,0.01,"通常ボス：ファールバウティ（討伐用01）"
501,15,15110001,8,215000150,1,0,0,0,0.01,"通常ボス：ラタトスク（討伐用01）"
502,15,15110101,8,215000150,1,0,0,0,0.01,"通常ボス：リンドブルム（討伐用01）"
503,15,15140101,8,215000150,1,0,0,0,0.01,"通常ボス：アバドーン（討伐用01）"
504,15,15170101,8,215000150,1,0,0,0,0.01,"通常ボス：ガングラティ（討伐用01）"
505,15,15180001,8,215000150,1,0,0,0,0.01,"通常ボス：ジ・アンブレイカブル（討伐用01）"
506,15,15300001,8,215000150,1,0,0,0,0.01,"通常ボス：デトネイター・ザ・コボルドロード（討伐用01）"
507,15,15301001,8,215000150,1,0,0,0,0.01,"通常ボス：イルファング・ザ・コボルドロード（討伐用01）"
508,15,15420001,8,215000150,1,0,0,0,0.01,"通常ボス：アメディスター・ザ・クイーン（討伐用01）"
509,15,15560001,8,215000150,1,0,0,0,0.01,"通常ボス：スピリット・ザ・グースロード（討伐用01）"
510,15,15010201,1,101000420,1,0,0,10510,0.05,"エンドガーディアン：クン・リンドルム（討伐用01）"
511,15,15040001,1,101000420,1,0,0,10510,0.05,"エンドガーディアン：オーディン（討伐用01）"
512,15,15040202,1,101000420,1,0,0,10510,0.05,"エンドガーディアン：ロキ（討伐用01）"
513,15,15200101,1,101000420,1,0,0,10510,0.05,"エンドガーディアン：デス（討伐用01）"
514,15,15450003,1,101000420,1,0,0,10510,0.05,"エンドガーディアン：ラーヴァクリーパー（討伐用01）"
515,15,15220101,8,290000160,1,0,0,0,0.05,"アダプタブル：プロビデンス（討伐用01）"
516,15,15501001,8,290000160,1,0,0,0,0.05,"アダプタブル：ガストアイズ（討伐用01）"
517,15,15521001,8,290000160,1,0,0,0,0.05,"アダプタブル：ロン・ザ・ショーグングレイス（討伐用01）"
518,15,15570001,8,290000160,1,0,0,0,0.05,"アダプタブル：メカ型ボス(討伐用01）"
519,15,15590000,1,101000420,1,0,0,10510,0.5,"パニッシャー：冥界王ハーデス"
520,15,15590000,8,290000160,1,0,0,0,0.5,"パニッシャー：冥界王ハーデス"
521,16,15020101,8,202000440,1,0,0,0,0.01,"通常ボス：グリンブルスティ（討伐用01）"
522,16,15020201,8,202000440,1,0,0,0,0.01,"通常ボス：アウドムラ（討伐用01）"
523,16,15040101,8,202000440,1,0,0,0,0.01,"通常ボス：ジークフリート（討伐用01）"
524,16,15040701,8,202000440,1,0,0,0,0.01,"通常ボス：ジークムント（討伐用01）"
525,16,15041101,8,202000440,1,0,0,0,0.01,"通常ボス：ベルゲルミル（討伐用01）"
526,16,15050001,8,202000440,1,0,0,0,0.01,"通常ボス：ヘル（討伐用01）"
527,16,15050201,8,202000440,1,0,0,0,0.01,"通常ボス：ヤールンサクサ（討伐用01）"
528,16,15080201,8,202000440,1,0,0,0,0.01,"通常ボス：フィヨルズヴァルトニル（討伐用01）"
529,16,15090101,8,202000440,1,0,0,0,0.01,"通常ボス：ニーズヘッグ（討伐用01）"
530,16,15100001,8,202000440,1,0,0,0,0.01,"通常ボス：グレンデル（討伐用01）"
531,16,15100101,8,202000440,1,0,0,0,0.01,"通常ボス：ベルグリシ（討伐用01）"
532,16,15100201,8,202000440,1,0,0,0,0.01,"通常ボス：ファールバウティ（討伐用01）"
533,16,15110001,8,202000440,1,0,0,0,0.01,"通常ボス：ラタトスク（討伐用01）"
534,16,15110101,8,202000440,1,0,0,0,0.01,"通常ボス：リンドブルム（討伐用01）"
535,16,15140101,8,202000440,1,0,0,0,0.01,"通常ボス：アバドーン（討伐用01）"
536,16,15170101,8,202000440,1,0,0,0,0.01,"通常ボス：ガングラティ（討伐用01）"
537,16,15180001,8,202000440,1,0,0,0,0.01,"通常ボス：ジ・アンブレイカブル（討伐用01）"
538,16,15300001,8,202000440,1,0,0,0,0.01,"通常ボス：デトネイター・ザ・コボルドロード（討伐用01）"
539,16,15301001,8,202000440,1,0,0,0,0.01,"通常ボス：イルファング・ザ・コボルドロード（討伐用01）"
540,16,15420001,8,202000440,1,0,0,0,0.01,"通常ボス：アメディスター・ザ・クイーン（討伐用01）"
541,16,15560001,8,202000440,1,0,0,0,0.01,"通常ボス：スピリット・ザ・グースロード（討伐用01）"
542,16,15020101,8,203000350,1,0,0,0,0.01,"通常ボス：グリンブルスティ（討伐用01）"
543,16,15020201,8,203000350,1,0,0,0,0.01,"通常ボス：アウドムラ（討伐用01）"
544,16,15040101,8,203000350,1,0,0,0,0.01,"通常ボス：ジークフリート（討伐用01）"
545,16,15040701,8,203000350,1,0,0,0,0.01,"通常ボス：ジークムント（討伐用01）"
546,16,15041101,8,203000350,1,0,0,0,0.01,"通常ボス：ベルゲルミル（討伐用01）"
547,16,15050001,8,203000350,1,0,0,0,0.01,"通常ボス：ヘル（討伐用01）"
548,16,15050201,8,203000350,1,0,0,0,0.01,"通常ボス：ヤールンサクサ（討伐用01）"
549,16,15080201,8,203000350,1,0,0,0,0.01,"通常ボス：フィヨルズヴァルトニル（討伐用01）"
550,16,15090101,8,203000350,1,0,0,0,0.01,"通常ボス：ニーズヘッグ（討伐用01）"
551,16,15100001,8,203000350,1,0,0,0,0.01,"通常ボス：グレンデル（討伐用01）"
552,16,15100101,8,203000350,1,0,0,0,0.01,"通常ボス：ベルグリシ（討伐用01）"
553,16,15100201,8,203000350,1,0,0,0,0.01,"通常ボス：ファールバウティ（討伐用01）"
554,16,15110001,8,203000350,1,0,0,0,0.01,"通常ボス：ラタトスク（討伐用01）"
555,16,15110101,8,203000350,1,0,0,0,0.01,"通常ボス：リンドブルム（討伐用01）"
556,16,15140101,8,203000350,1,0,0,0,0.01,"通常ボス：アバドーン（討伐用01）"
557,16,15170101,8,203000350,1,0,0,0,0.01,"通常ボス：ガングラティ（討伐用01）"
558,16,15180001,8,203000350,1,0,0,0,0.01,"通常ボス：ジ・アンブレイカブル（討伐用01）"
559,16,15300001,8,203000350,1,0,0,0,0.01,"通常ボス：デトネイター・ザ・コボルドロード（討伐用01）"
560,16,15301001,8,203000350,1,0,0,0,0.01,"通常ボス：イルファング・ザ・コボルドロード（討伐用01）"
561,16,15420001,8,203000350,1,0,0,0,0.01,"通常ボス：アメディスター・ザ・クイーン（討伐用01）"
562,16,15560001,8,203000350,1,0,0,0,0.01,"通常ボス：スピリット・ザ・グースロード（討伐用01）"
563,16,15020101,8,204000370,1,0,0,0,0.01,"通常ボス：グリンブルスティ（討伐用01）"
564,16,15020201,8,204000370,1,0,0,0,0.01,"通常ボス：アウドムラ（討伐用01）"
565,16,15040101,8,204000370,1,0,0,0,0.01,"通常ボス：ジークフリート（討伐用01）"
566,16,15040701,8,204000370,1,0,0,0,0.01,"通常ボス：ジークムント（討伐用01）"
567,16,15041101,8,204000370,1,0,0,0,0.01,"通常ボス：ベルゲルミル（討伐用01）"
568,16,15050001,8,204000370,1,0,0,0,0.01,"通常ボス：ヘル（討伐用01）"
569,16,15050201,8,204000370,1,0,0,0,0.01,"通常ボス：ヤールンサクサ（討伐用01）"
570,16,15080201,8,204000370,1,0,0,0,0.01,"通常ボス：フィヨルズヴァルトニル（討伐用01）"
571,16,15090101,8,204000370,1,0,0,0,0.01,"通常ボス：ニーズヘッグ（討伐用01）"
572,16,15100001,8,204000370,1,0,0,0,0.01,"通常ボス：グレンデル（討伐用01）"
573,16,15100101,8,204000370,1,0,0,0,0.01,"通常ボス：ベルグリシ（討伐用01）"
574,16,15100201,8,204000370,1,0,0,0,0.01,"通常ボス：ファールバウティ（討伐用01）"
575,16,15110001,8,204000370,1,0,0,0,0.01,"通常ボス：ラタトスク（討伐用01）"
576,16,15110101,8,204000370,1,0,0,0,0.01,"通常ボス：リンドブルム（討伐用01）"
577,16,15140101,8,204000370,1,0,0,0,0.01,"通常ボス：アバドーン（討伐用01）"
578,16,15170101,8,204000370,1,0,0,0,0.01,"通常ボス：ガングラティ（討伐用01）"
579,16,15180001,8,204000370,1,0,0,0,0.01,"通常ボス：ジ・アンブレイカブル（討伐用01）"
580,16,15300001,8,204000370,1,0,0,0,0.01,"通常ボス：デトネイター・ザ・コボルドロード（討伐用01）"
581,16,15301001,8,204000370,1,0,0,0,0.01,"通常ボス：イルファング・ザ・コボルドロード（討伐用01）"
582,16,15420001,8,204000370,1,0,0,0,0.01,"通常ボス：アメディスター・ザ・クイーン（討伐用01）"
583,16,15560001,8,204000370,1,0,0,0,0.01,"通常ボス：スピリット・ザ・グースロード（討伐用01）"
584,16,15010201,1,104000530,1,0,0,10550,0.15,"エンドガーディアン：クン・リンドルム（討伐用01）"
585,16,15040001,1,104000530,1,0,0,10550,0.15,"エンドガーディアン：オーディン（討伐用01）"
586,16,15040202,1,104000530,1,0,0,10550,0.15,"エンドガーディアン：ロキ（討伐用01）"
587,16,15200101,1,104000530,1,0,0,10550,0.15,"エンドガーディアン：デス（討伐用01）"
588,16,15450003,1,104000530,1,0,0,10550,0.15,"エンドガーディアン：ラーヴァクリーパー（討伐用01）"
589,16,15220101,8,209000320,1,0,0,0,0.1,"アダプタブル：プロビデンス（討伐用01）"
590,16,15501001,8,209000320,1,0,0,0,0.1,"アダプタブル：ガストアイズ（討伐用01）"
591,16,15521001,8,209000320,1,0,0,0,0.1,"アダプタブル：ロン・ザ・ショーグングレイス（討伐用01）"
592,16,15570001,8,209000320,1,0,0,0,0.1,"アダプタブル：メカ型ボス(討伐用01）"
593,16,15590003,1,104000530,1,0,0,10550,0.3,"パニッシャー：冥界王ハーデス（22年春CP）"
594,16,15590003,8,209000320,1,0,0,0,0.3,"パニッシャー：冥界王ハーデス（22年春CP）"
595,16,15590003,2,112000009,1,0,0,30000,0.1,"パニッシャー：冥界王ハーデス（22年春CP）"
596,16,15590003,1,101000430,1,0,0,10600,0.05,"パニッシャー：冥界王ハーデス（22年春CP）"
597,16,15590003,1,102000580,1,0,0,10600,0.05,"パニッシャー：冥界王ハーデス（22年春CP）"
598,16,15590003,1,103000480,1,0,0,10600,0.05,"パニッシャー：冥界王ハーデス（22年春CP）"
599,16,15590003,1,104000520,1,0,0,10600,0.05,"パニッシャー：冥界王ハーデス（22年春CP）"
600,16,15590003,1,109000430,1,0,0,10600,0.05,"パニッシャー：冥界王ハーデス（22年春CP）"
601,16,15590003,1,111000350,1,0,0,10600,0.05,"パニッシャー：冥界王ハーデス（22年春CP）"
602,17,15020101,3,170005,1,0,0,0,0.008,"通常ボス：グリンブルスティ（討伐用01）"
603,17,15020201,3,170005,1,0,0,0,0.008,"通常ボス：アウドムラ（討伐用01）"
604,17,15040101,3,170005,1,0,0,0,0.008,"通常ボス：ジークフリート（討伐用01）"
605,17,15040701,3,170005,1,0,0,0,0.008,"通常ボス：ジークムント（討伐用01）"
606,17,15041101,3,170005,1,0,0,0,0.008,"通常ボス：ベルゲルミル（討伐用01）"
607,17,15050001,3,170005,1,0,0,0,0.008,"通常ボス：ヘル（討伐用01）"
608,17,15050201,3,170005,1,0,0,0,0.008,"通常ボス：ヤールンサクサ（討伐用01）"
609,17,15080201,3,170005,1,0,0,0,0.008,"通常ボス：フィヨルズヴァルトニル（討伐用01）"
610,17,15090101,3,170005,1,0,0,0,0.008,"通常ボス：ニーズヘッグ（討伐用01）"
611,17,15100001,3,170005,1,0,0,0,0.008,"通常ボス：グレンデル（討伐用01）"
612,17,15100101,3,170005,1,0,0,0,0.008,"通常ボス：ベルグリシ（討伐用01）"
613,17,15100201,3,170005,1,0,0,0,0.008,"通常ボス：ファールバウティ（討伐用01）"
614,17,15110001,3,170005,1,0,0,0,0.008,"通常ボス：ラタトスク（討伐用01）"
615,17,15110101,3,170005,1,0,0,0,0.008,"通常ボス：リンドブルム（討伐用01）"
616,17,15140101,3,170005,1,0,0,0,0.008,"通常ボス：アバドーン（討伐用01）"
617,17,15170101,3,170005,1,0,0,0,0.008,"通常ボス：ガングラティ（討伐用01）"
618,17,15180001,3,170005,1,0,0,0,0.008,"通常ボス：ジ・アンブレイカブル（討伐用01）"
619,17,15300001,3,170005,1,0,0,0,0.008,"通常ボス：デトネイター・ザ・コボルドロード（討伐用01）"
620,17,15301001,3,170005,1,0,0,0,0.008,"通常ボス：イルファング・ザ・コボルドロード（討伐用01）"
621,17,15420001,3,170005,1,0,0,0,0.008,"通常ボス：アメディスター・ザ・クイーン（討伐用01）"
622,17,15560001,3,170005,1,0,0,0,0.008,"通常ボス：スピリット・ザ・グースロード（討伐用01）"
623,17,15020101,3,170006,1,0,0,0,0.004,"通常ボス：グリンブルスティ（討伐用01）"
624,17,15020201,3,170006,1,0,0,0,0.004,"通常ボス：アウドムラ（討伐用01）"
625,17,15040101,3,170006,1,0,0,0,0.004,"通常ボス：ジークフリート（討伐用01）"
626,17,15040701,3,170006,1,0,0,0,0.004,"通常ボス：ジークムント（討伐用01）"
627,17,15041101,3,170006,1,0,0,0,0.004,"通常ボス：ベルゲルミル（討伐用01）"
628,17,15050001,3,170006,1,0,0,0,0.004,"通常ボス：ヘル（討伐用01）"
629,17,15050201,3,170006,1,0,0,0,0.004,"通常ボス：ヤールンサクサ（討伐用01）"
630,17,15080201,3,170006,1,0,0,0,0.004,"通常ボス：フィヨルズヴァルトニル（討伐用01）"
631,17,15090101,3,170006,1,0,0,0,0.004,"通常ボス：ニーズヘッグ（討伐用01）"
632,17,15100001,3,170006,1,0,0,0,0.004,"通常ボス：グレンデル（討伐用01）"
633,17,15100101,3,170006,1,0,0,0,0.004,"通常ボス：ベルグリシ（討伐用01）"
634,17,15100201,3,170006,1,0,0,0,0.004,"通常ボス：ファールバウティ（討伐用01）"
635,17,15110001,3,170006,1,0,0,0,0.004,"通常ボス：ラタトスク（討伐用01）"
636,17,15110101,3,170006,1,0,0,0,0.004,"通常ボス：リンドブルム（討伐用01）"
637,17,15140101,3,170006,1,0,0,0,0.004,"通常ボス：アバドーン（討伐用01）"
638,17,15170101,3,170006,1,0,0,0,0.004,"通常ボス：ガングラティ（討伐用01）"
639,17,15180001,3,170006,1,0,0,0,0.004,"通常ボス：ジ・アンブレイカブル（討伐用01）"
640,17,15300001,3,170006,1,0,0,0,0.004,"通常ボス：デトネイター・ザ・コボルドロード（討伐用01）"
641,17,15301001,3,170006,1,0,0,0,0.004,"通常ボス：イルファング・ザ・コボルドロード（討伐用01）"
642,17,15420001,3,170006,1,0,0,0,0.004,"通常ボス：アメディスター・ザ・クイーン（討伐用01）"
643,17,15560001,3,170006,1,0,0,0,0.004,"通常ボス：スピリット・ザ・グースロード（討伐用01）"
644,17,15020101,3,170007,1,0,0,0,0.001,"通常ボス：グリンブルスティ（討伐用01）"
645,17,15020201,3,170007,1,0,0,0,0.001,"通常ボス：アウドムラ（討伐用01）"
646,17,15040101,3,170007,1,0,0,0,0.001,"通常ボス：ジークフリート（討伐用01）"
647,17,15040701,3,170007,1,0,0,0,0.001,"通常ボス：ジークムント（討伐用01）"
648,17,15041101,3,170007,1,0,0,0,0.001,"通常ボス：ベルゲルミル（討伐用01）"
649,17,15050001,3,170007,1,0,0,0,0.001,"通常ボス：ヘル（討伐用01）"
650,17,15050201,3,170007,1,0,0,0,0.001,"通常ボス：ヤールンサクサ（討伐用01）"
651,17,15080201,3,170007,1,0,0,0,0.001,"通常ボス：フィヨルズヴァルトニル（討伐用01）"
652,17,15090101,3,170007,1,0,0,0,0.001,"通常ボス：ニーズヘッグ（討伐用01）"
653,17,15100001,3,170007,1,0,0,0,0.001,"通常ボス：グレンデル（討伐用01）"
654,17,15100101,3,170007,1,0,0,0,0.001,"通常ボス：ベルグリシ（討伐用01）"
655,17,15100201,3,170007,1,0,0,0,0.001,"通常ボス：ファールバウティ（討伐用01）"
656,17,15110001,3,170007,1,0,0,0,0.001,"通常ボス：ラタトスク（討伐用01）"
657,17,15110101,3,170007,1,0,0,0,0.001,"通常ボス：リンドブルム（討伐用01）"
658,17,15140101,3,170007,1,0,0,0,0.001,"通常ボス：アバドーン（討伐用01）"
659,17,15170101,3,170007,1,0,0,0,0.001,"通常ボス：ガングラティ（討伐用01）"
660,17,15180001,3,170007,1,0,0,0,0.001,"通常ボス：ジ・アンブレイカブル（討伐用01）"
661,17,15300001,3,170007,1,0,0,0,0.001,"通常ボス：デトネイター・ザ・コボルドロード（討伐用01）"
662,17,15301001,3,170007,1,0,0,0,0.001,"通常ボス：イルファング・ザ・コボルドロード（討伐用01）"
663,17,15420001,3,170007,1,0,0,0,0.001,"通常ボス：アメディスター・ザ・クイーン（討伐用01）"
664,17,15560001,3,170007,1,0,0,0,0.001,"通常ボス：スピリット・ザ・グースロード（討伐用01）"
665,17,15020101,3,180005,1,0,0,0,0.008,"通常ボス：グリンブルスティ（討伐用01）"
666,17,15020201,3,180005,1,0,0,0,0.008,"通常ボス：アウドムラ（討伐用01）"
667,17,15040101,3,180005,1,0,0,0,0.008,"通常ボス：ジークフリート（討伐用01）"
668,17,15040701,3,180005,1,0,0,0,0.008,"通常ボス：ジークムント（討伐用01）"
669,17,15041101,3,180005,1,0,0,0,0.008,"通常ボス：ベルゲルミル（討伐用01）"
670,17,15050001,3,180005,1,0,0,0,0.008,"通常ボス：ヘル（討伐用01）"
671,17,15050201,3,180005,1,0,0,0,0.008,"通常ボス：ヤールンサクサ（討伐用01）"
672,17,15080201,3,180005,1,0,0,0,0.008,"通常ボス：フィヨルズヴァルトニル（討伐用01）"
673,17,15090101,3,180005,1,0,0,0,0.008,"通常ボス：ニーズヘッグ（討伐用01）"
674,17,15100001,3,180005,1,0,0,0,0.008,"通常ボス：グレンデル（討伐用01）"
675,17,15100101,3,180005,1,0,0,0,0.008,"通常ボス：ベルグリシ（討伐用01）"
676,17,15100201,3,180005,1,0,0,0,0.008,"通常ボス：ファールバウティ（討伐用01）"
677,17,15110001,3,180005,1,0,0,0,0.008,"通常ボス：ラタトスク（討伐用01）"
678,17,15110101,3,180005,1,0,0,0,0.008,"通常ボス：リンドブルム（討伐用01）"
679,17,15140101,3,180005,1,0,0,0,0.008,"通常ボス：アバドーン（討伐用01）"
680,17,15170101,3,180005,1,0,0,0,0.008,"通常ボス：ガングラティ（討伐用01）"
681,17,15180001,3,180005,1,0,0,0,0.008,"通常ボス：ジ・アンブレイカブル（討伐用01）"
682,17,15300001,3,180005,1,0,0,0,0.008,"通常ボス：デトネイター・ザ・コボルドロード（討伐用01）"
683,17,15301001,3,180005,1,0,0,0,0.008,"通常ボス：イルファング・ザ・コボルドロード（討伐用01）"
684,17,15420001,3,180005,1,0,0,0,0.008,"通常ボス：アメディスター・ザ・クイーン（討伐用01）"
685,17,15560001,3,180005,1,0,0,0,0.008,"通常ボス：スピリット・ザ・グースロード（討伐用01）"
686,17,15020101,3,180006,1,0,0,0,0.004,"通常ボス：グリンブルスティ（討伐用01）"
687,17,15020201,3,180006,1,0,0,0,0.004,"通常ボス：アウドムラ（討伐用01）"
688,17,15040101,3,180006,1,0,0,0,0.004,"通常ボス：ジークフリート（討伐用01）"
689,17,15040701,3,180006,1,0,0,0,0.004,"通常ボス：ジークムント（討伐用01）"
690,17,15041101,3,180006,1,0,0,0,0.004,"通常ボス：ベルゲルミル（討伐用01）"
691,17,15050001,3,180006,1,0,0,0,0.004,"通常ボス：ヘル（討伐用01）"
692,17,15050201,3,180006,1,0,0,0,0.004,"通常ボス：ヤールンサクサ（討伐用01）"
693,17,15080201,3,180006,1,0,0,0,0.004,"通常ボス：フィヨルズヴァルトニル（討伐用01）"
694,17,15090101,3,180006,1,0,0,0,0.004,"通常ボス：ニーズヘッグ（討伐用01）"
695,17,15100001,3,180006,1,0,0,0,0.004,"通常ボス：グレンデル（討伐用01）"
696,17,15100101,3,180006,1,0,0,0,0.004,"通常ボス：ベルグリシ（討伐用01）"
697,17,15100201,3,180006,1,0,0,0,0.004,"通常ボス：ファールバウティ（討伐用01）"
698,17,15110001,3,180006,1,0,0,0,0.004,"通常ボス：ラタトスク（討伐用01）"
699,17,15110101,3,180006,1,0,0,0,0.004,"通常ボス：リンドブルム（討伐用01）"
700,17,15140101,3,180006,1,0,0,0,0.004,"通常ボス：アバドーン（討伐用01）"
701,17,15170101,3,180006,1,0,0,0,0.004,"通常ボス：ガングラティ（討伐用01）"
702,17,15180001,3,180006,1,0,0,0,0.004,"通常ボス：ジ・アンブレイカブル（討伐用01）"
703,17,15300001,3,180006,1,0,0,0,0.004,"通常ボス：デトネイター・ザ・コボルドロード（討伐用01）"
704,17,15301001,3,180006,1,0,0,0,0.004,"通常ボス：イルファング・ザ・コボルドロード（討伐用01）"
705,17,15420001,3,180006,1,0,0,0,0.004,"通常ボス：アメディスター・ザ・クイーン（討伐用01）"
706,17,15560001,3,180006,1,0,0,0,0.004,"通常ボス：スピリット・ザ・グースロード（討伐用01）"
707,17,15020101,3,180007,1,0,0,0,0.001,"通常ボス：グリンブルスティ（討伐用01）"
708,17,15020201,3,180007,1,0,0,0,0.001,"通常ボス：アウドムラ（討伐用01）"
709,17,15040101,3,180007,1,0,0,0,0.001,"通常ボス：ジークフリート（討伐用01）"
710,17,15040701,3,180007,1,0,0,0,0.001,"通常ボス：ジークムント（討伐用01）"
711,17,15041101,3,180007,1,0,0,0,0.001,"通常ボス：ベルゲルミル（討伐用01）"
712,17,15050001,3,180007,1,0,0,0,0.001,"通常ボス：ヘル（討伐用01）"
713,17,15050201,3,180007,1,0,0,0,0.001,"通常ボス：ヤールンサクサ（討伐用01）"
714,17,15080201,3,180007,1,0,0,0,0.001,"通常ボス：フィヨルズヴァルトニル（討伐用01）"
715,17,15090101,3,180007,1,0,0,0,0.001,"通常ボス：ニーズヘッグ（討伐用01）"
716,17,15100001,3,180007,1,0,0,0,0.001,"通常ボス：グレンデル（討伐用01）"
717,17,15100101,3,180007,1,0,0,0,0.001,"通常ボス：ベルグリシ（討伐用01）"
718,17,15100201,3,180007,1,0,0,0,0.001,"通常ボス：ファールバウティ（討伐用01）"
719,17,15110001,3,180007,1,0,0,0,0.001,"通常ボス：ラタトスク（討伐用01）"
720,17,15110101,3,180007,1,0,0,0,0.001,"通常ボス：リンドブルム（討伐用01）"
721,17,15140101,3,180007,1,0,0,0,0.001,"通常ボス：アバドーン（討伐用01）"
722,17,15170101,3,180007,1,0,0,0,0.001,"通常ボス：ガングラティ（討伐用01）"
723,17,15180001,3,180007,1,0,0,0,0.001,"通常ボス：ジ・アンブレイカブル（討伐用01）"
724,17,15300001,3,180007,1,0,0,0,0.001,"通常ボス：デトネイター・ザ・コボルドロード（討伐用01）"
725,17,15301001,3,180007,1,0,0,0,0.001,"通常ボス：イルファング・ザ・コボルドロード（討伐用01）"
726,17,15420001,3,180007,1,0,0,0,0.001,"通常ボス：アメディスター・ザ・クイーン（討伐用01）"
727,17,15560001,3,180007,1,0,0,0,0.001,"通常ボス：スピリット・ザ・グースロード（討伐用01）"
728,17,15020101,3,190000,1,0,0,0,0.001,"通常ボス：グリンブルスティ（討伐用01）"
729,17,15020201,3,190000,1,0,0,0,0.001,"通常ボス：アウドムラ（討伐用01）"
730,17,15040101,3,190000,1,0,0,0,0.001,"通常ボス：ジークフリート（討伐用01）"
731,17,15040701,3,190000,1,0,0,0,0.001,"通常ボス：ジークムント（討伐用01）"
732,17,15041101,3,190000,1,0,0,0,0.001,"通常ボス：ベルゲルミル（討伐用01）"
733,17,15050001,3,190000,1,0,0,0,0.001,"通常ボス：ヘル（討伐用01）"
734,17,15050201,3,190000,1,0,0,0,0.001,"通常ボス：ヤールンサクサ（討伐用01）"
735,17,15080201,3,190000,1,0,0,0,0.001,"通常ボス：フィヨルズヴァルトニル（討伐用01）"
736,17,15090101,3,190000,1,0,0,0,0.001,"通常ボス：ニーズヘッグ（討伐用01）"
737,17,15100001,3,190000,1,0,0,0,0.001,"通常ボス：グレンデル（討伐用01）"
738,17,15100101,3,190000,1,0,0,0,0.001,"通常ボス：ベルグリシ（討伐用01）"
739,17,15100201,3,190000,1,0,0,0,0.001,"通常ボス：ファールバウティ（討伐用01）"
740,17,15110001,3,190000,1,0,0,0,0.001,"通常ボス：ラタトスク（討伐用01）"
741,17,15110101,3,190000,1,0,0,0,0.001,"通常ボス：リンドブルム（討伐用01）"
742,17,15140101,3,190000,1,0,0,0,0.001,"通常ボス：アバドーン（討伐用01）"
743,17,15170101,3,190000,1,0,0,0,0.001,"通常ボス：ガングラティ（討伐用01）"
744,17,15180001,3,190000,1,0,0,0,0.001,"通常ボス：ジ・アンブレイカブル（討伐用01）"
745,17,15300001,3,190000,1,0,0,0,0.001,"通常ボス：デトネイター・ザ・コボルドロード（討伐用01）"
746,17,15301001,3,190000,1,0,0,0,0.001,"通常ボス：イルファング・ザ・コボルドロード（討伐用01）"
747,17,15420001,3,190000,1,0,0,0,0.001,"通常ボス：アメディスター・ザ・クイーン（討伐用01）"
748,17,15560001,3,190000,1,0,0,0,0.001,"通常ボス：スピリット・ザ・グースロード（討伐用01）"
749,17,15020101,3,200000,1,0,0,0,0.001,"通常ボス：グリンブルスティ（討伐用01）"
750,17,15020201,3,200000,1,0,0,0,0.001,"通常ボス：アウドムラ（討伐用01）"
751,17,15040101,3,200000,1,0,0,0,0.001,"通常ボス：ジークフリート（討伐用01）"
752,17,15040701,3,200000,1,0,0,0,0.001,"通常ボス：ジークムント（討伐用01）"
753,17,15041101,3,200000,1,0,0,0,0.001,"通常ボス：ベルゲルミル（討伐用01）"
754,17,15050001,3,200000,1,0,0,0,0.001,"通常ボス：ヘル（討伐用01）"
755,17,15050201,3,200000,1,0,0,0,0.001,"通常ボス：ヤールンサクサ（討伐用01）"
756,17,15080201,3,200000,1,0,0,0,0.001,"通常ボス：フィヨルズヴァルトニル（討伐用01）"
757,17,15090101,3,200000,1,0,0,0,0.001,"通常ボス：ニーズヘッグ（討伐用01）"
758,17,15100001,3,200000,1,0,0,0,0.001,"通常ボス：グレンデル（討伐用01）"
759,17,15100101,3,200000,1,0,0,0,0.001,"通常ボス：ベルグリシ（討伐用01）"
760,17,15100201,3,200000,1,0,0,0,0.001,"通常ボス：ファールバウティ（討伐用01）"
761,17,15110001,3,200000,1,0,0,0,0.001,"通常ボス：ラタトスク（討伐用01）"
762,17,15110101,3,200000,1,0,0,0,0.001,"通常ボス：リンドブルム（討伐用01）"
763,17,15140101,3,200000,1,0,0,0,0.001,"通常ボス：アバドーン（討伐用01）"
764,17,15170101,3,200000,1,0,0,0,0.001,"通常ボス：ガングラティ（討伐用01）"
765,17,15180001,3,200000,1,0,0,0,0.001,"通常ボス：ジ・アンブレイカブル（討伐用01）"
766,17,15300001,3,200000,1,0,0,0,0.001,"通常ボス：デトネイター・ザ・コボルドロード（討伐用01）"
767,17,15301001,3,200000,1,0,0,0,0.001,"通常ボス：イルファング・ザ・コボルドロード（討伐用01）"
768,17,15420001,3,200000,1,0,0,0,0.001,"通常ボス：アメディスター・ザ・クイーン（討伐用01）"
769,17,15560001,3,200000,1,0,0,0,0.001,"通常ボス：スピリット・ザ・グースロード（討伐用01）"
770,17,15020101,3,210000,1,0,0,0,0.001,"通常ボス：グリンブルスティ（討伐用01）"
771,17,15020201,3,210000,1,0,0,0,0.001,"通常ボス：アウドムラ（討伐用01）"
772,17,15040101,3,210000,1,0,0,0,0.001,"通常ボス：ジークフリート（討伐用01）"
773,17,15040701,3,210000,1,0,0,0,0.001,"通常ボス：ジークムント（討伐用01）"
774,17,15041101,3,210000,1,0,0,0,0.001,"通常ボス：ベルゲルミル（討伐用01）"
775,17,15050001,3,210000,1,0,0,0,0.001,"通常ボス：ヘル（討伐用01）"
776,17,15050201,3,210000,1,0,0,0,0.001,"通常ボス：ヤールンサクサ（討伐用01）"
777,17,15080201,3,210000,1,0,0,0,0.001,"通常ボス：フィヨルズヴァルトニル（討伐用01）"
778,17,15090101,3,210000,1,0,0,0,0.001,"通常ボス：ニーズヘッグ（討伐用01）"
779,17,15100001,3,210000,1,0,0,0,0.001,"通常ボス：グレンデル（討伐用01）"
780,17,15100101,3,210000,1,0,0,0,0.001,"通常ボス：ベルグリシ（討伐用01）"
781,17,15100201,3,210000,1,0,0,0,0.001,"通常ボス：ファールバウティ（討伐用01）"
782,17,15110001,3,210000,1,0,0,0,0.001,"通常ボス：ラタトスク（討伐用01）"
783,17,15110101,3,210000,1,0,0,0,0.001,"通常ボス：リンドブルム（討伐用01）"
784,17,15140101,3,210000,1,0,0,0,0.001,"通常ボス：アバドーン（討伐用01）"
785,17,15170101,3,210000,1,0,0,0,0.001,"通常ボス：ガングラティ（討伐用01）"
786,17,15180001,3,210000,1,0,0,0,0.001,"通常ボス：ジ・アンブレイカブル（討伐用01）"
787,17,15300001,3,210000,1,0,0,0,0.001,"通常ボス：デトネイター・ザ・コボルドロード（討伐用01）"
788,17,15301001,3,210000,1,0,0,0,0.001,"通常ボス：イルファング・ザ・コボルドロード（討伐用01）"
789,17,15420001,3,210000,1,0,0,0,0.001,"通常ボス：アメディスター・ザ・クイーン（討伐用01）"
790,17,15560001,3,210000,1,0,0,0,0.001,"通常ボス：スピリット・ザ・グースロード（討伐用01）"
791,17,15020101,3,220002,1,0,0,0,0.001,"通常ボス：グリンブルスティ（討伐用01）"
792,17,15020201,3,220002,1,0,0,0,0.001,"通常ボス：アウドムラ（討伐用01）"
793,17,15040101,3,220002,1,0,0,0,0.001,"通常ボス：ジークフリート（討伐用01）"
794,17,15040701,3,220002,1,0,0,0,0.001,"通常ボス：ジークムント（討伐用01）"
795,17,15041101,3,220002,1,0,0,0,0.001,"通常ボス：ベルゲルミル（討伐用01）"
796,17,15050001,3,220002,1,0,0,0,0.001,"通常ボス：ヘル（討伐用01）"
797,17,15050201,3,220002,1,0,0,0,0.001,"通常ボス：ヤールンサクサ（討伐用01）"
798,17,15080201,3,220002,1,0,0,0,0.001,"通常ボス：フィヨルズヴァルトニル（討伐用01）"
799,17,15090101,3,220002,1,0,0,0,0.001,"通常ボス：ニーズヘッグ（討伐用01）"
800,17,15100001,3,220002,1,0,0,0,0.001,"通常ボス：グレンデル（討伐用01）"
801,17,15100101,3,220002,1,0,0,0,0.001,"通常ボス：ベルグリシ（討伐用01）"
802,17,15100201,3,220002,1,0,0,0,0.001,"通常ボス：ファールバウティ（討伐用01）"
803,17,15110001,3,220002,1,0,0,0,0.001,"通常ボス：ラタトスク（討伐用01）"
804,17,15110101,3,220002,1,0,0,0,0.001,"通常ボス：リンドブルム（討伐用01）"
805,17,15140101,3,220002,1,0,0,0,0.001,"通常ボス：アバドーン（討伐用01）"
806,17,15170101,3,220002,1,0,0,0,0.001,"通常ボス：ガングラティ（討伐用01）"
807,17,15180001,3,220002,1,0,0,0,0.001,"通常ボス：ジ・アンブレイカブル（討伐用01）"
808,17,15300001,3,220002,1,0,0,0,0.001,"通常ボス：デトネイター・ザ・コボルドロード（討伐用01）"
809,17,15301001,3,220002,1,0,0,0,0.001,"通常ボス：イルファング・ザ・コボルドロード（討伐用01）"
810,17,15420001,3,220002,1,0,0,0,0.001,"通常ボス：アメディスター・ザ・クイーン（討伐用01）"
811,17,15560001,3,220002,1,0,0,0,0.001,"通常ボス：スピリット・ザ・グースロード（討伐用01）"
812,17,15010201,1,101000180,1,0,0,10014,0.04,"エンドガーディアン：クン・リンドルム（討伐用01）"
813,17,15040001,1,101000180,1,0,0,10014,0.04,"エンドガーディアン：オーディン（討伐用01）"
814,17,15040202,1,101000180,1,0,0,10014,0.04,"エンドガーディアン：ロキ（討伐用01）"
815,17,15200101,1,101000180,1,0,0,10014,0.04,"エンドガーディアン：デス（討伐用01）"
816,17,15450003,1,101000180,1,0,0,10014,0.04,"エンドガーディアン：ラーヴァクリーパー（討伐用01）"
817,17,15010201,1,101000360,1,0,0,10014,0.04,"エンドガーディアン：クン・リンドルム（討伐用01）"
818,17,15040001,1,101000360,1,0,0,10014,0.04,"エンドガーディアン：オーディン（討伐用01）"
819,17,15040202,1,101000360,1,0,0,10014,0.04,"エンドガーディアン：ロキ（討伐用01）"
820,17,15200101,1,101000360,1,0,0,10014,0.04,"エンドガーディアン：デス（討伐用01）"
821,17,15450003,1,101000360,1,0,0,10014,0.04,"エンドガーディアン：ラーヴァクリーパー（討伐用01）"
822,17,15010201,1,101000420,1,0,0,10510,0.04,"エンドガーディアン：クン・リンドルム（討伐用01）"
823,17,15040001,1,101000420,1,0,0,10510,0.04,"エンドガーディアン：オーディン（討伐用01）"
824,17,15040202,1,101000420,1,0,0,10510,0.04,"エンドガーディアン：ロキ（討伐用01）"
825,17,15200101,1,101000420,1,0,0,10510,0.04,"エンドガーディアン：デス（討伐用01）"
826,17,15450003,1,101000420,1,0,0,10510,0.04,"エンドガーディアン：ラーヴァクリーパー（討伐用01）"
827,17,15010201,1,102000390,1,0,0,10024,0.04,"エンドガーディアン：クン・リンドルム（討伐用01）"
828,17,15040001,1,102000390,1,0,0,10024,0.04,"エンドガーディアン：オーディン（討伐用01）"
829,17,15040202,1,102000390,1,0,0,10024,0.04,"エンドガーディアン：ロキ（討伐用01）"
830,17,15200101,1,102000390,1,0,0,10024,0.04,"エンドガーディアン：デス（討伐用01）"
831,17,15450003,1,102000390,1,0,0,10024,0.04,"エンドガーディアン：ラーヴァクリーパー（討伐用01）"
832,17,15010201,1,102000400,1,0,0,10330,0.04,"エンドガーディアン：クン・リンドルム（討伐用01）"
833,17,15040001,1,102000400,1,0,0,10330,0.04,"エンドガーディアン：オーディン（討伐用01）"
834,17,15040202,1,102000400,1,0,0,10330,0.04,"エンドガーディアン：ロキ（討伐用01）"
835,17,15200101,1,102000400,1,0,0,10330,0.04,"エンドガーディアン：デス（討伐用01）"
836,17,15450003,1,102000400,1,0,0,10330,0.04,"エンドガーディアン：ラーヴァクリーパー（討伐用01）"
837,17,15010201,1,103000180,1,0,0,10084,0.04,"エンドガーディアン：クン・リンドルム（討伐用01）"
838,17,15040001,1,103000180,1,0,0,10084,0.04,"エンドガーディアン：オーディン（討伐用01）"
839,17,15040202,1,103000180,1,0,0,10084,0.04,"エンドガーディアン：ロキ（討伐用01）"
840,17,15200101,1,103000180,1,0,0,10084,0.04,"エンドガーディアン：デス（討伐用01）"
841,17,15450003,1,103000180,1,0,0,10084,0.04,"エンドガーディアン：ラーヴァクリーパー（討伐用01）"
842,17,15010201,1,103000410,1,0,0,10490,0.04,"エンドガーディアン：クン・リンドルム（討伐用01）"
843,17,15040001,1,103000410,1,0,0,10490,0.04,"エンドガーディアン：オーディン（討伐用01）"
844,17,15040202,1,103000410,1,0,0,10490,0.04,"エンドガーディアン：ロキ（討伐用01）"
845,17,15200101,1,103000410,1,0,0,10490,0.04,"エンドガーディアン：デス（討伐用01）"
846,17,15450003,1,103000410,1,0,0,10490,0.04,"エンドガーディアン：ラーヴァクリーパー（討伐用01）"
847,17,15010201,1,104000300,1,0,0,10024,0.04,"エンドガーディアン：クン・リンドルム（討伐用01）"
848,17,15040001,1,104000300,1,0,0,10024,0.04,"エンドガーディアン：オーディン（討伐用01）"
849,17,15040202,1,104000300,1,0,0,10024,0.04,"エンドガーディアン：ロキ（討伐用01）"
850,17,15200101,1,104000300,1,0,0,10024,0.04,"エンドガーディアン：デス（討伐用01）"
851,17,15450003,1,104000300,1,0,0,10024,0.04,"エンドガーディアン：ラーヴァクリーパー（討伐用01）"
852,17,15010201,1,104000310,1,0,0,10124,0.04,"エンドガーディアン：クン・リンドルム（討伐用01）"
853,17,15040001,1,104000310,1,0,0,10124,0.04,"エンドガーディアン：オーディン（討伐用01）"
854,17,15040202,1,104000310,1,0,0,10124,0.04,"エンドガーディアン：ロキ（討伐用01）"
855,17,15200101,1,104000310,1,0,0,10124,0.04,"エンドガーディアン：デス（討伐用01）"
856,17,15450003,1,104000310,1,0,0,10124,0.04,"エンドガーディアン：ラーヴァクリーパー（討伐用01）"
857,17,15010201,1,104000400,1,0,0,10024,0.04,"エンドガーディアン：クン・リンドルム（討伐用01）"
858,17,15040001,1,104000400,1,0,0,10024,0.04,"エンドガーディアン：オーディン（討伐用01）"
859,17,15040202,1,104000400,1,0,0,10024,0.04,"エンドガーディアン：ロキ（討伐用01）"
860,17,15200101,1,104000400,1,0,0,10024,0.04,"エンドガーディアン：デス（討伐用01）"
861,17,15450003,1,104000400,1,0,0,10024,0.04,"エンドガーディアン：ラーヴァクリーパー（討伐用01）"
862,17,15010201,1,104000530,1,0,0,10550,0.04,"エンドガーディアン：クン・リンドルム（討伐用01）"
863,17,15040001,1,104000530,1,0,0,10550,0.04,"エンドガーディアン：オーディン（討伐用01）"
864,17,15040202,1,104000530,1,0,0,10550,0.04,"エンドガーディアン：ロキ（討伐用01）"
865,17,15200101,1,104000530,1,0,0,10550,0.04,"エンドガーディアン：デス（討伐用01）"
866,17,15450003,1,104000530,1,0,0,10550,0.04,"エンドガーディアン：ラーヴァクリーパー（討伐用01）"
867,17,15010201,1,105000220,1,0,0,10094,0.04,"エンドガーディアン：クン・リンドルム（討伐用01）"
868,17,15040001,1,105000220,1,0,0,10094,0.04,"エンドガーディアン：オーディン（討伐用01）"
869,17,15040202,1,105000220,1,0,0,10094,0.04,"エンドガーディアン：ロキ（討伐用01）"
870,17,15200101,1,105000220,1,0,0,10094,0.04,"エンドガーディアン：デス（討伐用01）"
871,17,15450003,1,105000220,1,0,0,10094,0.04,"エンドガーディアン：ラーヴァクリーパー（討伐用01）"
872,17,15010201,1,105000260,1,0,0,10370,0.04,"エンドガーディアン：クン・リンドルム（討伐用01）"
873,17,15040001,1,105000260,1,0,0,10370,0.04,"エンドガーディアン：オーディン（討伐用01）"
874,17,15040202,1,105000260,1,0,0,10370,0.04,"エンドガーディアン：ロキ（討伐用01）"
875,17,15200101,1,105000260,1,0,0,10370,0.04,"エンドガーディアン：デス（討伐用01）"
876,17,15450003,1,105000260,1,0,0,10370,0.04,"エンドガーディアン：ラーヴァクリーパー（討伐用01）"
877,17,15010201,1,105000270,1,0,0,10034,0.04,"エンドガーディアン：クン・リンドルム（討伐用01）"
878,17,15040001,1,105000270,1,0,0,10034,0.04,"エンドガーディアン：オーディン（討伐用01）"
879,17,15040202,1,105000270,1,0,0,10034,0.04,"エンドガーディアン：ロキ（討伐用01）"
880,17,15200101,1,105000270,1,0,0,10034,0.04,"エンドガーディアン：デス（討伐用01）"
881,17,15450003,1,105000270,1,0,0,10034,0.04,"エンドガーディアン：ラーヴァクリーパー（討伐用01）"
882,17,15010201,1,106000280,1,0,0,10024,0.04,"エンドガーディアン：クン・リンドルム（討伐用01）"
883,17,15040001,1,106000280,1,0,0,10024,0.04,"エンドガーディアン：オーディン（討伐用01）"
884,17,15040202,1,106000280,1,0,0,10024,0.04,"エンドガーディアン：ロキ（討伐用01）"
885,17,15200101,1,106000280,1,0,0,10024,0.04,"エンドガーディアン：デス（討伐用01）"
886,17,15450003,1,106000280,1,0,0,10024,0.04,"エンドガーディアン：ラーヴァクリーパー（討伐用01）"
887,17,15010201,1,106000290,1,0,0,10260,0.04,"エンドガーディアン：クン・リンドルム（討伐用01）"
888,17,15040001,1,106000290,1,0,0,10260,0.04,"エンドガーディアン：オーディン（討伐用01）"
889,17,15040202,1,106000290,1,0,0,10260,0.04,"エンドガーディアン：ロキ（討伐用01）"
890,17,15200101,1,106000290,1,0,0,10260,0.04,"エンドガーディアン：デス（討伐用01）"
891,17,15450003,1,106000290,1,0,0,10260,0.04,"エンドガーディアン：ラーヴァクリーパー（討伐用01）"
892,17,15010201,1,109000170,1,0,0,10135,0.04,"エンドガーディアン：クン・リンドルム（討伐用01）"
893,17,15040001,1,109000170,1,0,0,10135,0.04,"エンドガーディアン：オーディン（討伐用01）"
894,17,15040202,1,109000170,1,0,0,10135,0.04,"エンドガーディアン：ロキ（討伐用01）"
895,17,15200101,1,109000170,1,0,0,10135,0.04,"エンドガーディアン：デス（討伐用01）"
896,17,15450003,1,109000170,1,0,0,10135,0.04,"エンドガーディアン：ラーヴァクリーパー（討伐用01）"
897,17,15010201,1,109000180,1,0,0,10134,0.04,"エンドガーディアン：クン・リンドルム（討伐用01）"
898,17,15040001,1,109000180,1,0,0,10134,0.04,"エンドガーディアン：オーディン（討伐用01）"
899,17,15040202,1,109000180,1,0,0,10134,0.04,"エンドガーディアン：ロキ（討伐用01）"
900,17,15200101,1,109000180,1,0,0,10134,0.04,"エンドガーディアン：デス（討伐用01）"
901,17,15450003,1,109000180,1,0,0,10134,0.04,"エンドガーディアン：ラーヴァクリーパー（討伐用01）"
902,17,15010201,1,109000400,1,0,0,10500,0.04,"エンドガーディアン：クン・リンドルム（討伐用01）"
903,17,15040001,1,109000400,1,0,0,10500,0.04,"エンドガーディアン：オーディン（討伐用01）"
904,17,15040202,1,109000400,1,0,0,10500,0.04,"エンドガーディアン：ロキ（討伐用01）"
905,17,15200101,1,109000400,1,0,0,10500,0.04,"エンドガーディアン：デス（討伐用01）"
906,17,15450003,1,109000400,1,0,0,10500,0.04,"エンドガーディアン：ラーヴァクリーパー（討伐用01）"
907,17,15010201,1,110000230,1,0,0,10144,0.04,"エンドガーディアン：クン・リンドルム（討伐用01）"
908,17,15040001,1,110000230,1,0,0,10144,0.04,"エンドガーディアン：オーディン（討伐用01）"
909,17,15040202,1,110000230,1,0,0,10144,0.04,"エンドガーディアン：ロキ（討伐用01）"
910,17,15200101,1,110000230,1,0,0,10144,0.04,"エンドガーディアン：デス（討伐用01）"
911,17,15450003,1,110000230,1,0,0,10144,0.04,"エンドガーディアン：ラーヴァクリーパー（討伐用01）"
912,17,15010201,1,110000240,1,0,0,10450,0.04,"エンドガーディアン：クン・リンドルム（討伐用01）"
913,17,15040001,1,110000240,1,0,0,10450,0.04,"エンドガーディアン：オーディン（討伐用01）"
914,17,15040202,1,110000240,1,0,0,10450,0.04,"エンドガーディアン：ロキ（討伐用01）"
915,17,15200101,1,110000240,1,0,0,10450,0.04,"エンドガーディアン：デス（討伐用01）"
916,17,15450003,1,110000240,1,0,0,10450,0.04,"エンドガーディアン：ラーヴァクリーパー（討伐用01）"
917,17,15010201,1,111000120,1,0,0,10024,0.04,"エンドガーディアン：クン・リンドルム（討伐用01）"
918,17,15040001,1,111000120,1,0,0,10024,0.04,"エンドガーディアン：オーディン（討伐用01）"
919,17,15040202,1,111000120,1,0,0,10024,0.04,"エンドガーディアン：ロキ（討伐用01）"
920,17,15200101,1,111000120,1,0,0,10024,0.04,"エンドガーディアン：デス（討伐用01）"
921,17,15450003,1,111000120,1,0,0,10024,0.04,"エンドガーディアン：ラーヴァクリーパー（討伐用01）"
922,17,15010201,1,111000130,1,0,0,10024,0.04,"エンドガーディアン：クン・リンドルム（討伐用01）"
923,17,15040001,1,111000130,1,0,0,10024,0.04,"エンドガーディアン：オーディン（討伐用01）"
924,17,15040202,1,111000130,1,0,0,10024,0.04,"エンドガーディアン：ロキ（討伐用01）"
925,17,15200101,1,111000130,1,0,0,10024,0.04,"エンドガーディアン：デス（討伐用01）"
926,17,15450003,1,111000130,1,0,0,10024,0.04,"エンドガーディアン：ラーヴァクリーパー（討伐用01）"
927,17,15010201,1,112000160,1,0,0,10410,0.04,"エンドガーディアン：クン・リンドルム（討伐用01）"
928,17,15040001,1,112000160,1,0,0,10410,0.04,"エンドガーディアン：オーディン（討伐用01）"
929,17,15040202,1,112000160,1,0,0,10410,0.04,"エンドガーディアン：ロキ（討伐用01）"
930,17,15200101,1,112000160,1,0,0,10410,0.04,"エンドガーディアン：デス（討伐用01）"
931,17,15450003,1,112000160,1,0,0,10410,0.04,"エンドガーディアン：ラーヴァクリーパー（討伐用01）"
932,17,15010201,1,118000090,1,0,0,10124,0.04,"エンドガーディアン：クン・リンドルム（討伐用01）"
933,17,15040001,1,118000090,1,0,0,10124,0.04,"エンドガーディアン：オーディン（討伐用01）"
934,17,15040202,1,118000090,1,0,0,10124,0.04,"エンドガーディアン：ロキ（討伐用01）"
935,17,15200101,1,118000090,1,0,0,10124,0.04,"エンドガーディアン：デス（討伐用01）"
936,17,15450003,1,118000090,1,0,0,10124,0.04,"エンドガーディアン：ラーヴァクリーパー（討伐用01）"
937,17,15220101,1,101000270,1,0,0,10014,0.04,"アダプタブル：プロビデンス（討伐用01）"
938,17,15501001,1,101000270,1,0,0,10014,0.04,"アダプタブル：ガストアイズ（討伐用01）"
939,17,15521001,1,101000270,1,0,0,10014,0.04,"アダプタブル：ロン・ザ・ショーグングレイス（討伐用01）"
940,17,15570001,1,101000270,1,0,0,10014,0.04,"アダプタブル：メカ型ボス(討伐用01）"
941,17,15220101,1,102000280,1,0,0,10024,0.04,"アダプタブル：プロビデンス（討伐用01）"
942,17,15501001,1,102000280,1,0,0,10024,0.04,"アダプタブル：ガストアイズ（討伐用01）"
943,17,15521001,1,102000280,1,0,0,10024,0.04,"アダプタブル：ロン・ザ・ショーグングレイス（討伐用01）"
944,17,15570001,1,102000280,1,0,0,10024,0.04,"アダプタブル：メカ型ボス(討伐用01）"
945,17,15220101,1,102000430,1,0,0,10074,0.04,"アダプタブル：プロビデンス（討伐用01）"
946,17,15501001,1,102000430,1,0,0,10074,0.04,"アダプタブル：ガストアイズ（討伐用01）"
947,17,15521001,1,102000430,1,0,0,10074,0.04,"アダプタブル：ロン・ザ・ショーグングレイス（討伐用01）"
948,17,15570001,1,102000430,1,0,0,10074,0.04,"アダプタブル：メカ型ボス(討伐用01）"
949,17,15220101,1,102000530,1,0,0,10024,0.04,"アダプタブル：プロビデンス（討伐用01）"
950,17,15501001,1,102000530,1,0,0,10024,0.04,"アダプタブル：ガストアイズ（討伐用01）"
951,17,15521001,1,102000530,1,0,0,10024,0.04,"アダプタブル：ロン・ザ・ショーグングレイス（討伐用01）"
952,17,15570001,1,102000530,1,0,0,10024,0.04,"アダプタブル：メカ型ボス(討伐用01）"
953,17,15220101,1,103000270,1,0,0,10084,0.04,"アダプタブル：プロビデンス（討伐用01）"
954,17,15501001,1,103000270,1,0,0,10084,0.04,"アダプタブル：ガストアイズ（討伐用01）"
955,17,15521001,1,103000270,1,0,0,10084,0.04,"アダプタブル：ロン・ザ・ショーグングレイス（討伐用01）"
956,17,15570001,1,103000270,1,0,0,10084,0.04,"アダプタブル：メカ型ボス(討伐用01）"
957,17,15220101,1,104000220,1,0,0,10024,0.04,"アダプタブル：プロビデンス（討伐用01）"
958,17,15501001,1,104000220,1,0,0,10024,0.04,"アダプタブル：ガストアイズ（討伐用01）"
959,17,15521001,1,104000220,1,0,0,10024,0.04,"アダプタブル：ロン・ザ・ショーグングレイス（討伐用01）"
960,17,15570001,1,104000220,1,0,0,10024,0.04,"アダプタブル：メカ型ボス(討伐用01）"
961,17,15220101,1,104000420,1,0,0,10024,0.04,"アダプタブル：プロビデンス（討伐用01）"
962,17,15501001,1,104000420,1,0,0,10024,0.04,"アダプタブル：ガストアイズ（討伐用01）"
963,17,15521001,1,104000420,1,0,0,10024,0.04,"アダプタブル：ロン・ザ・ショーグングレイス（討伐用01）"
964,17,15570001,1,104000420,1,0,0,10024,0.04,"アダプタブル：メカ型ボス(討伐用01）"
965,17,15220101,1,105000240,1,0,0,10034,0.04,"アダプタブル：プロビデンス（討伐用01）"
966,17,15501001,1,105000240,1,0,0,10034,0.04,"アダプタブル：ガストアイズ（討伐用01）"
967,17,15521001,1,105000240,1,0,0,10034,0.04,"アダプタブル：ロン・ザ・ショーグングレイス（討伐用01）"
968,17,15570001,1,105000240,1,0,0,10034,0.04,"アダプタブル：メカ型ボス(討伐用01）"
969,17,15220101,1,105000370,1,0,0,10034,0.04,"アダプタブル：プロビデンス（討伐用01）"
970,17,15501001,1,105000370,1,0,0,10034,0.04,"アダプタブル：ガストアイズ（討伐用01）"
971,17,15521001,1,105000370,1,0,0,10034,0.04,"アダプタブル：ロン・ザ・ショーグングレイス（討伐用01）"
972,17,15570001,1,105000370,1,0,0,10034,0.04,"アダプタブル：メカ型ボス(討伐用01）"
973,17,15220101,1,106000260,1,0,0,10024,0.04,"アダプタブル：プロビデンス（討伐用01）"
974,17,15501001,1,106000260,1,0,0,10024,0.04,"アダプタブル：ガストアイズ（討伐用01）"
975,17,15521001,1,106000260,1,0,0,10024,0.04,"アダプタブル：ロン・ザ・ショーグングレイス（討伐用01）"
976,17,15570001,1,106000260,1,0,0,10024,0.04,"アダプタブル：メカ型ボス(討伐用01）"
977,17,15220101,1,106000340,1,0,0,10124,0.04,"アダプタブル：プロビデンス（討伐用01）"
978,17,15501001,1,106000340,1,0,0,10124,0.04,"アダプタブル：ガストアイズ（討伐用01）"
979,17,15521001,1,106000340,1,0,0,10124,0.04,"アダプタブル：ロン・ザ・ショーグングレイス（討伐用01）"
980,17,15570001,1,106000340,1,0,0,10124,0.04,"アダプタブル：メカ型ボス(討伐用01）"
981,17,15220101,1,106000410,1,0,0,10024,0.04,"アダプタブル：プロビデンス（討伐用01）"
982,17,15501001,1,106000410,1,0,0,10024,0.04,"アダプタブル：ガストアイズ（討伐用01）"
983,17,15521001,1,106000410,1,0,0,10024,0.04,"アダプタブル：ロン・ザ・ショーグングレイス（討伐用01）"
984,17,15570001,1,106000410,1,0,0,10024,0.04,"アダプタブル：メカ型ボス(討伐用01）"
985,17,15220101,1,109000130,1,0,0,10134,0.04,"アダプタブル：プロビデンス（討伐用01）"
986,17,15501001,1,109000130,1,0,0,10134,0.04,"アダプタブル：ガストアイズ（討伐用01）"
987,17,15521001,1,109000130,1,0,0,10134,0.04,"アダプタブル：ロン・ザ・ショーグングレイス（討伐用01）"
988,17,15570001,1,109000130,1,0,0,10134,0.04,"アダプタブル：メカ型ボス(討伐用01）"
989,17,15220101,1,109000220,1,0,0,10134,0.04,"アダプタブル：プロビデンス（討伐用01）"
990,17,15501001,1,109000220,1,0,0,10134,0.04,"アダプタブル：ガストアイズ（討伐用01）"
991,17,15521001,1,109000220,1,0,0,10134,0.04,"アダプタブル：ロン・ザ・ショーグングレイス（討伐用01）"
992,17,15570001,1,109000220,1,0,0,10134,0.04,"アダプタブル：メカ型ボス(討伐用01）"
993,17,15220101,1,109000300,1,0,0,10134,0.04,"アダプタブル：プロビデンス（討伐用01）"
994,17,15501001,1,109000300,1,0,0,10134,0.04,"アダプタブル：ガストアイズ（討伐用01）"
995,17,15521001,1,109000300,1,0,0,10134,0.04,"アダプタブル：ロン・ザ・ショーグングレイス（討伐用01）"
996,17,15570001,1,109000300,1,0,0,10134,0.04,"アダプタブル：メカ型ボス(討伐用01）"
997,17,15220101,1,110000130,1,0,0,10154,0.04,"アダプタブル：プロビデンス（討伐用01）"
998,17,15501001,1,110000130,1,0,0,10154,0.04,"アダプタブル：ガストアイズ（討伐用01）"
999,17,15521001,1,110000130,1,0,0,10154,0.04,"アダプタブル：ロン・ザ・ショーグングレイス（討伐用01）"
1000,17,15570001,1,110000130,1,0,0,10154,0.04,"アダプタブル：メカ型ボス(討伐用01）"
1001,17,15220101,1,110000270,1,0,0,10144,0.04,"アダプタブル：プロビデンス（討伐用01）"
1002,17,15501001,1,110000270,1,0,0,10144,0.04,"アダプタブル：ガストアイズ（討伐用01）"
1003,17,15521001,1,110000270,1,0,0,10144,0.04,"アダプタブル：ロン・ザ・ショーグングレイス（討伐用01）"
1004,17,15570001,1,110000270,1,0,0,10144,0.04,"アダプタブル：メカ型ボス(討伐用01）"
1005,17,15220101,1,111000080,1,0,0,10024,0.04,"アダプタブル：プロビデンス（討伐用01）"
1006,17,15501001,1,111000080,1,0,0,10024,0.04,"アダプタブル：ガストアイズ（討伐用01）"
1007,17,15521001,1,111000080,1,0,0,10024,0.04,"アダプタブル：ロン・ザ・ショーグングレイス（討伐用01）"
1008,17,15570001,1,111000080,1,0,0,10024,0.04,"アダプタブル：メカ型ボス(討伐用01）"
1009,17,15220101,1,111000240,1,0,0,10024,0.04,"アダプタブル：プロビデンス（討伐用01）"
1010,17,15501001,1,111000240,1,0,0,10024,0.04,"アダプタブル：ガストアイズ（討伐用01）"
1011,17,15521001,1,111000240,1,0,0,10024,0.04,"アダプタブル：ロン・ザ・ショーグングレイス（討伐用01）"
1012,17,15570001,1,111000240,1,0,0,10024,0.04,"アダプタブル：メカ型ボス(討伐用01）"
1013,17,15220101,1,111000320,1,0,0,10024,0.04,"アダプタブル：プロビデンス（討伐用01）"
1014,17,15501001,1,111000320,1,0,0,10024,0.04,"アダプタブル：ガストアイズ（討伐用01）"
1015,17,15521001,1,111000320,1,0,0,10024,0.04,"アダプタブル：ロン・ザ・ショーグングレイス（討伐用01）"
1016,17,15570001,1,111000320,1,0,0,10024,0.04,"アダプタブル：メカ型ボス(討伐用01）"
1017,17,15220101,1,112000080,1,0,0,10024,0.04,"アダプタブル：プロビデンス（討伐用01）"
1018,17,15501001,1,112000080,1,0,0,10024,0.04,"アダプタブル：ガストアイズ（討伐用01）"
1019,17,15521001,1,112000080,1,0,0,10024,0.04,"アダプタブル：ロン・ザ・ショーグングレイス（討伐用01）"
1020,17,15570001,1,112000080,1,0,0,10024,0.04,"アダプタブル：メカ型ボス(討伐用01）"
1021,17,15220101,1,118000160,1,0,0,10124,0.04,"アダプタブル：プロビデンス（討伐用01）"
1022,17,15501001,1,118000160,1,0,0,10124,0.04,"アダプタブル：ガストアイズ（討伐用01）"
1023,17,15521001,1,118000160,1,0,0,10124,0.04,"アダプタブル：ロン・ザ・ショーグングレイス（討伐用01）"
1024,17,15570001,1,118000160,1,0,0,10124,0.04,"アダプタブル：メカ型ボス(討伐用01）"
1025,17,15220101,8,291000040,1,0,0,0,0.04,"アダプタブル：プロビデンス（討伐用01）"
1026,17,15501001,8,291000040,1,0,0,0,0.04,"アダプタブル：ガストアイズ（討伐用01）"
1027,17,15521001,8,291000040,1,0,0,0,0.04,"アダプタブル：ロン・ザ・ショーグングレイス（討伐用01）"
1028,17,15570001,8,291000040,1,0,0,0,0.04,"アダプタブル：メカ型ボス(討伐用01）"
1029,17,15220101,8,291000060,1,0,0,0,0.04,"アダプタブル：プロビデンス（討伐用01）"
1030,17,15501001,8,291000060,1,0,0,0,0.04,"アダプタブル：ガストアイズ（討伐用01）"
1031,17,15521001,8,291000060,1,0,0,0,0.04,"アダプタブル：ロン・ザ・ショーグングレイス（討伐用01）"
1032,17,15570001,8,291000060,1,0,0,0,0.04,"アダプタブル：メカ型ボス(討伐用01）"
1033,17,15220101,8,299000410,1,0,0,0,0.04,"アダプタブル：プロビデンス（討伐用01）"
1034,17,15501001,8,299000410,1,0,0,0,0.04,"アダプタブル：ガストアイズ（討伐用01）"
1035,17,15521001,8,299000410,1,0,0,0,0.04,"アダプタブル：ロン・ザ・ショーグングレイス（討伐用01）"
1036,17,15570001,8,299000410,1,0,0,0,0.04,"アダプタブル：メカ型ボス(討伐用01）"
1037,17,15590000,2,112000009,1,0,0,30000,0.1,"パニッシャー：冥界王ハーデス"
1038,17,15590000,3,190001,1,0,0,0,0.3,"パニッシャー：冥界王ハーデス"
1039,17,15590000,3,200001,1,0,0,0,0.15,"パニッシャー：冥界王ハーデス"
1040,17,15590000,3,210001,1,0,0,0,0.15,"パニッシャー：冥界王ハーデス"
1041,17,15590000,3,220002,1,0,0,0,0.3,"パニッシャー：冥界王ハーデス"
